bundle_name,bundle_size,primary_item(s),complementary_item(s),support,confidence,lift,suggested_discount_pct,discount_tier,business_rationale
POPPY'S PLAYHOUSE BEDROOM + POPPY'S PLAYHOUSE KITCHEN + POPPY'S PLAYHOUSE LIVINGROOM,3,POPPY'S PLAYHOUSE BEDROOM + POPPY'S PLAYHOUSE KITCHEN,POPPY'S PLAYHOUSE LIVINGROOM,0.0102,0.7343,52.18,5.0,Very Strong Relationship,"Extremely high organic co-purchase affinity. Customers already buy these items together reliably; therefore, a modest 5% discount is sufficient to formalize the bundle without needlessly sacrificing margin."
POPPY'S PLAYHOUSE BEDROOM + POPPY'S PLAYHOUSE LIVINGROOM,2,POPPY'S PLAYHOUSE LIVINGROOM,POPPY'S PLAYHOUSE BEDROOM,0.0115,0.8174,46.6,5.0,Very Strong Relationship,"Extremely high organic co-purchase affinity. Customers already buy these items together reliably; therefore, a modest 5% discount is sufficient to formalize the bundle without needlessly sacrificing margin."
POPPY'S PLAYHOUSE KITCHEN + POPPY'S PLAYHOUSE LIVINGROOM,2,POPPY'S PLAYHOUSE LIVINGROOM,POPPY'S PLAYHOUSE KITCHEN,0.0118,0.8404,45.39,5.0,Very Strong Relationship,"Extremely high organic co-purchase affinity. Customers already buy these items together reliably; therefore, a modest 5% discount is sufficient to formalize the bundle without needlessly sacrificing margin."
POPPY'S PLAYHOUSE BEDROOM + POPPY'S PLAYHOUSE KITCHEN,2,POPPY'S PLAYHOUSE BEDROOM,POPPY'S PLAYHOUSE KITCHEN,0.0139,0.7923,42.79,5.0,Very Strong Relationship,"Extremely high organic co-purchase affinity. Customers already buy these items together reliably; therefore, a modest 5% discount is sufficient to formalize the bundle without needlessly sacrificing margin."
WOODEN STAR CHRISTMAS SCANDINAVIAN + WOODEN TREE CHRISTMAS SCANDINAVIAN,2,WOODEN TREE CHRISTMAS SCANDINAVIAN,WOODEN STAR CHRISTMAS SCANDINAVIAN,0.0109,0.7909,41.38,5.0,Very Strong Relationship,"Extremely high organic co-purchase affinity. Customers already buy these items together reliably; therefore, a modest 5% discount is sufficient to formalize the bundle without needlessly sacrificing margin."
SMALL DOLLY MIX DESIGN ORANGE BOWL + SMALL MARSHMALLOWS PINK BOWL,2,SMALL MARSHMALLOWS PINK BOWL,SMALL DOLLY MIX DESIGN ORANGE BOWL,0.0114,0.7443,40.69,5.0,Very Strong Relationship,"Extremely high organic co-purchase affinity. Customers already buy these items together reliably; therefore, a modest 5% discount is sufficient to formalize the bundle without needlessly sacrificing margin."
FELTCRAFT PRINCESS CHARLOTTE DOLL + FELTCRAFT PRINCESS LOLA DOLL,2,FELTCRAFT PRINCESS LOLA DOLL,FELTCRAFT PRINCESS CHARLOTTE DOLL,0.01,0.6198,36.26,10.0,Strong Relationship,Solid co-purchase affinity. A 10% promotional bundle discount incentivizes customers who might otherwise purchase only the primary item.
WOODEN HEART CHRISTMAS SCANDINAVIAN + WOODEN STAR CHRISTMAS SCANDINAVIAN,2,WOODEN STAR CHRISTMAS SCANDINAVIAN,WOODEN HEART CHRISTMAS SCANDINAVIAN,0.0137,0.718,34.63,5.0,Very Strong Relationship,"Extremely high organic co-purchase affinity. Customers already buy these items together reliably; therefore, a modest 5% discount is sufficient to formalize the bundle without needlessly sacrificing margin."
"KEY FOB , BACK DOOR + KEY FOB , SHED",2,"KEY FOB , BACK DOOR","KEY FOB , SHED",0.012,0.6991,33.56,10.0,Strong Relationship,Solid co-purchase affinity. A 10% promotional bundle discount incentivizes customers who might otherwise purchase only the primary item.
GARDENERS KNEELING PAD CUP OF TEA + GARDENERS KNEELING PAD KEEP CALM,2,GARDENERS KNEELING PAD CUP OF TEA,GARDENERS KNEELING PAD KEEP CALM,0.0136,0.7203,31.62,5.0,Very Strong Relationship,"Extremely high organic co-purchase affinity. Customers already buy these items together reliably; therefore, a modest 5% discount is sufficient to formalize the bundle without needlessly sacrificing margin."
SET/6 RED SPOTTY PAPER CUPS + SET/6 RED SPOTTY PAPER PLATES,2,SET/6 RED SPOTTY PAPER CUPS,SET/6 RED SPOTTY PAPER PLATES,0.0162,0.7722,31.45,5.0,Very Strong Relationship,"Extremely high organic co-purchase affinity. Customers already buy these items together reliably; therefore, a modest 5% discount is sufficient to formalize the bundle without needlessly sacrificing margin."
FELTCRAFT CUSHION BUTTERFLY + FELTCRAFT CUSHION RABBIT,2,FELTCRAFT CUSHION BUTTERFLY,FELTCRAFT CUSHION RABBIT,0.0123,0.6263,31.1,10.0,Strong Relationship,Solid co-purchase affinity. A 10% promotional bundle discount incentivizes customers who might otherwise purchase only the primary item.
GREEN REGENCY TEACUP AND SAUCER + PINK REGENCY TEACUP AND SAUCER + REGENCY CAKESTAND 3 TIER + ROSES REGENCY TEACUP AND SAUCER,4,PINK REGENCY TEACUP AND SAUCER + REGENCY CAKESTAND 3 TIER,GREEN REGENCY TEACUP AND SAUCER + ROSES REGENCY TEACUP AND SAUCER,0.0106,0.7741,30.33,5.0,Very Strong Relationship,"Extremely high organic co-purchase affinity. Customers already buy these items together reliably; therefore, a modest 5% discount is sufficient to formalize the bundle without needlessly sacrificing margin."
RED SPOT CERAMIC DRAWER KNOB + RED STRIPE CERAMIC DRAWER KNOB,2,RED SPOT CERAMIC DRAWER KNOB,RED STRIPE CERAMIC DRAWER KNOB,0.0113,0.6204,30.14,10.0,Strong Relationship,Solid co-purchase affinity. A 10% promotional bundle discount incentivizes customers who might otherwise purchase only the primary item.
BLUE STRIPE CERAMIC DRAWER KNOB + RED STRIPE CERAMIC DRAWER KNOB,2,BLUE STRIPE CERAMIC DRAWER KNOB,RED STRIPE CERAMIC DRAWER KNOB,0.0124,0.6174,29.99,10.0,Strong Relationship,Solid co-purchase affinity. A 10% promotional bundle discount incentivizes customers who might otherwise purchase only the primary item.
BLUE HAPPY BIRTHDAY BUNTING + PINK HAPPY BIRTHDAY BUNTING,2,BLUE HAPPY BIRTHDAY BUNTING,PINK HAPPY BIRTHDAY BUNTING,0.0112,0.6493,29.5,10.0,Strong Relationship,Solid co-purchase affinity. A 10% promotional bundle discount incentivizes customers who might otherwise purchase only the primary item.
BLUE SPOT CERAMIC DRAWER KNOB + WHITE SPOT BLUE CERAMIC DRAWER KNOB,2,WHITE SPOT BLUE CERAMIC DRAWER KNOB,BLUE SPOT CERAMIC DRAWER KNOB,0.0107,0.5609,29.31,10.0,Strong Relationship,Solid co-purchase affinity. A 10% promotional bundle discount incentivizes customers who might otherwise purchase only the primary item.
BLUE SPOT CERAMIC DRAWER KNOB + RED SPOT CERAMIC DRAWER KNOB,2,RED SPOT CERAMIC DRAWER KNOB,BLUE SPOT CERAMIC DRAWER KNOB,0.0102,0.5598,29.25,10.0,Strong Relationship,Solid co-purchase affinity. A 10% promotional bundle discount incentivizes customers who might otherwise purchase only the primary item.
CHARLOTTE BAG PINK POLKADOT + CHARLOTTE BAG SUKI DESIGN + RED RETROSPOT CHARLOTTE BAG,3,CHARLOTTE BAG SUKI DESIGN + RED RETROSPOT CHARLOTTE BAG,CHARLOTTE BAG PINK POLKADOT,0.0102,0.6586,29.13,10.0,Strong Relationship,Solid co-purchase affinity. A 10% promotional bundle discount incentivizes customers who might otherwise purchase only the primary item.
RED SPOT CERAMIC DRAWER KNOB + WHITE SPOT RED CERAMIC DRAWER KNOB,2,RED SPOT CERAMIC DRAWER KNOB,WHITE SPOT RED CERAMIC DRAWER KNOB,0.0106,0.586,28.81,10.0,Strong Relationship,Solid co-purchase affinity. A 10% promotional bundle discount incentivizes customers who might otherwise purchase only the primary item.
JUMBO BAG APPLES + JUMBO BAG PEARS,2,JUMBO BAG PEARS,JUMBO BAG APPLES,0.0101,0.6824,27.96,10.0,Strong Relationship,Solid co-purchase affinity. A 10% promotional bundle discount incentivizes customers who might otherwise purchase only the primary item.
GREEN REGENCY TEACUP AND SAUCER + PINK REGENCY TEACUP AND SAUCER + ROSES REGENCY TEACUP AND SAUCER,3,GREEN REGENCY TEACUP AND SAUCER + ROSES REGENCY TEACUP AND SAUCER,PINK REGENCY TEACUP AND SAUCER,0.0181,0.7097,27.78,5.0,Very Strong Relationship,"Extremely high organic co-purchase affinity. Customers already buy these items together reliably; therefore, a modest 5% discount is sufficient to formalize the bundle without needlessly sacrificing margin."
BLUE SPOT CERAMIC DRAWER KNOB + BLUE STRIPE CERAMIC DRAWER KNOB,2,BLUE SPOT CERAMIC DRAWER KNOB,BLUE STRIPE CERAMIC DRAWER KNOB,0.0104,0.5411,26.94,10.0,Strong Relationship,Solid co-purchase affinity. A 10% promotional bundle discount incentivizes customers who might otherwise purchase only the primary item.
GREEN REGENCY TEACUP AND SAUCER + PINK REGENCY TEACUP AND SAUCER + REGENCY CAKESTAND 3 TIER,3,GREEN REGENCY TEACUP AND SAUCER + REGENCY CAKESTAND 3 TIER,PINK REGENCY TEACUP AND SAUCER,0.0122,0.6868,26.88,10.0,Strong Relationship,Solid co-purchase affinity. A 10% promotional bundle discount incentivizes customers who might otherwise purchase only the primary item.
BLUE SPOT CERAMIC DRAWER KNOB + RED STRIPE CERAMIC DRAWER KNOB,2,BLUE SPOT CERAMIC DRAWER KNOB,RED STRIPE CERAMIC DRAWER KNOB,0.0103,0.5385,26.16,10.0,Strong Relationship,Solid co-purchase affinity. A 10% promotional bundle discount incentivizes customers who might otherwise purchase only the primary item.
RED STRIPE CERAMIC DRAWER KNOB + WHITE SPOT RED CERAMIC DRAWER KNOB,2,WHITE SPOT RED CERAMIC DRAWER KNOB,RED STRIPE CERAMIC DRAWER KNOB,0.0109,0.5374,26.11,10.0,Strong Relationship,Solid co-purchase affinity. A 10% promotional bundle discount incentivizes customers who might otherwise purchase only the primary item.
FELTCRAFT CUSHION OWL + FELTCRAFT CUSHION RABBIT,2,FELTCRAFT CUSHION RABBIT,FELTCRAFT CUSHION OWL,0.0114,0.5651,25.88,10.0,Strong Relationship,Solid co-purchase affinity. A 10% promotional bundle discount incentivizes customers who might otherwise purchase only the primary item.
FELTCRAFT DOLL MOLLY + FELTCRAFT DOLL ROSIE,2,FELTCRAFT DOLL ROSIE,FELTCRAFT DOLL MOLLY,0.01,0.5095,25.21,10.0,Strong Relationship,Solid co-purchase affinity. A 10% promotional bundle discount incentivizes customers who might otherwise purchase only the primary item.
KITCHEN METAL SIGN + TOILET METAL SIGN,2,KITCHEN METAL SIGN,TOILET METAL SIGN,0.0101,0.5724,25.13,10.0,Strong Relationship,Solid co-purchase affinity. A 10% promotional bundle discount incentivizes customers who might otherwise purchase only the primary item.
GREEN REGENCY TEACUP AND SAUCER + PINK REGENCY TEACUP AND SAUCER,2,PINK REGENCY TEACUP AND SAUCER,GREEN REGENCY TEACUP AND SAUCER,0.0213,0.834,24.94,5.0,Very Strong Relationship,"Extremely high organic co-purchase affinity. Customers already buy these items together reliably; therefore, a modest 5% discount is sufficient to formalize the bundle without needlessly sacrificing margin."
EDWARDIAN PARASOL BLACK + EDWARDIAN PARASOL RED,2,EDWARDIAN PARASOL RED,EDWARDIAN PARASOL BLACK,0.0104,0.5846,24.82,10.0,Strong Relationship,Solid co-purchase affinity. A 10% promotional bundle discount incentivizes customers who might otherwise purchase only the primary item.
FELTCRAFT CUSHION BUTTERFLY + FELTCRAFT CUSHION OWL,2,FELTCRAFT CUSHION BUTTERFLY,FELTCRAFT CUSHION OWL,0.0106,0.5395,24.71,10.0,Strong Relationship,Solid co-purchase affinity. A 10% promotional bundle discount incentivizes customers who might otherwise purchase only the primary item.
PINK REGENCY TEACUP AND SAUCER + REGENCY CAKESTAND 3 TIER + ROSES REGENCY TEACUP AND SAUCER,3,REGENCY CAKESTAND 3 TIER + ROSES REGENCY TEACUP AND SAUCER,PINK REGENCY TEACUP AND SAUCER,0.0116,0.6304,24.67,10.0,Strong Relationship,Solid co-purchase affinity. A 10% promotional bundle discount incentivizes customers who might otherwise purchase only the primary item.
SKULL SHOULDER BAG + SUKI SHOULDER BAG,2,SKULL SHOULDER BAG,SUKI SHOULDER BAG,0.0101,0.5586,24.31,10.0,Strong Relationship,Solid co-purchase affinity. A 10% promotional bundle discount incentivizes customers who might otherwise purchase only the primary item.
GREEN REGENCY TEACUP AND SAUCER + REGENCY CAKESTAND 3 TIER + ROSES REGENCY TEACUP AND SAUCER,3,REGENCY CAKESTAND 3 TIER + ROSES REGENCY TEACUP AND SAUCER,GREEN REGENCY TEACUP AND SAUCER,0.0142,0.7745,23.16,5.0,Very Strong Relationship,"Extremely high organic co-purchase affinity. Customers already buy these items together reliably; therefore, a modest 5% discount is sufficient to formalize the bundle without needlessly sacrificing margin."
LARGE HEART MEASURING SPOONS + SMALL HEART MEASURING SPOONS,2,LARGE HEART MEASURING SPOONS,SMALL HEART MEASURING SPOONS,0.0113,0.5596,22.88,10.0,Strong Relationship,Solid co-purchase affinity. A 10% promotional bundle discount incentivizes customers who might otherwise purchase only the primary item.
CHARLOTTE BAG PINK POLKADOT + RED RETROSPOT CHARLOTTE BAG,2,CHARLOTTE BAG PINK POLKADOT,RED RETROSPOT CHARLOTTE BAG,0.016,0.7075,22.59,5.0,Very Strong Relationship,"Extremely high organic co-purchase affinity. Customers already buy these items together reliably; therefore, a modest 5% discount is sufficient to formalize the bundle without needlessly sacrificing margin."
PINK REGENCY TEACUP AND SAUCER + ROSES REGENCY TEACUP AND SAUCER,2,PINK REGENCY TEACUP AND SAUCER,ROSES REGENCY TEACUP AND SAUCER,0.0201,0.7852,22.32,5.0,Very Strong Relationship,"Extremely high organic co-purchase affinity. Customers already buy these items together reliably; therefore, a modest 5% discount is sufficient to formalize the bundle without needlessly sacrificing margin."
GREEN REGENCY TEACUP AND SAUCER + ROSES REGENCY TEACUP AND SAUCER,2,GREEN REGENCY TEACUP AND SAUCER,ROSES REGENCY TEACUP AND SAUCER,0.0255,0.7634,21.7,5.0,Very Strong Relationship,"Extremely high organic co-purchase affinity. Customers already buy these items together reliably; therefore, a modest 5% discount is sufficient to formalize the bundle without needlessly sacrificing margin."
ALARM CLOCK BAKELIKE ORANGE + ALARM CLOCK BAKELIKE RED,2,ALARM CLOCK BAKELIKE ORANGE,ALARM CLOCK BAKELIKE RED,0.0106,0.6928,20.37,10.0,Strong Relationship,Solid co-purchase affinity. A 10% promotional bundle discount incentivizes customers who might otherwise purchase only the primary item.
HAND WARMER OWL DESIGN + HAND WARMER SCOTTY DOG DESIGN,2,HAND WARMER SCOTTY DOG DESIGN,HAND WARMER OWL DESIGN,0.0162,0.5993,19.82,10.0,Strong Relationship,Solid co-purchase affinity. A 10% promotional bundle discount incentivizes customers who might otherwise purchase only the primary item.
ALARM CLOCK BAKELIKE IVORY + ALARM CLOCK BAKELIKE RED,2,ALARM CLOCK BAKELIKE IVORY,ALARM CLOCK BAKELIKE RED,0.0125,0.6729,19.79,10.0,Strong Relationship,Solid co-purchase affinity. A 10% promotional bundle discount incentivizes customers who might otherwise purchase only the primary item.
BATHROOM METAL SIGN + TOILET METAL SIGN,2,TOILET METAL SIGN,BATHROOM METAL SIGN,0.0168,0.7382,19.71,5.0,Very Strong Relationship,"Extremely high organic co-purchase affinity. Customers already buy these items together reliably; therefore, a modest 5% discount is sufficient to formalize the bundle without needlessly sacrificing margin."
BATHROOM METAL SIGN + KITCHEN METAL SIGN,2,KITCHEN METAL SIGN,BATHROOM METAL SIGN,0.013,0.7372,19.68,5.0,Very Strong Relationship,"Extremely high organic co-purchase affinity. Customers already buy these items together reliably; therefore, a modest 5% discount is sufficient to formalize the bundle without needlessly sacrificing margin."
HAND WARMER BIRD DESIGN + HAND WARMER OWL DESIGN,2,HAND WARMER BIRD DESIGN,HAND WARMER OWL DESIGN,0.0155,0.5911,19.55,10.0,Strong Relationship,Solid co-purchase affinity. A 10% promotional bundle discount incentivizes customers who might otherwise purchase only the primary item.
HAND WARMER BIRD DESIGN + HAND WARMER SCOTTY DOG DESIGN,2,HAND WARMER BIRD DESIGN,HAND WARMER SCOTTY DOG DESIGN,0.0138,0.5266,19.49,10.0,Strong Relationship,Solid co-purchase affinity. A 10% promotional bundle discount incentivizes customers who might otherwise purchase only the primary item.
CHARLOTTE BAG SUKI DESIGN + RED RETROSPOT CHARLOTTE BAG + WOODLAND CHARLOTTE BAG,3,RED RETROSPOT CHARLOTTE BAG + WOODLAND CHARLOTTE BAG,CHARLOTTE BAG SUKI DESIGN,0.01,0.6774,19.35,10.0,Strong Relationship,Solid co-purchase affinity. A 10% promotional bundle discount incentivizes customers who might otherwise purchase only the primary item.
ALARM CLOCK BAKELIKE GREEN + ALARM CLOCK BAKELIKE RED,2,ALARM CLOCK BAKELIKE GREEN,ALARM CLOCK BAKELIKE RED,0.0209,0.6567,19.31,10.0,Strong Relationship,Solid co-purchase affinity. A 10% promotional bundle discount incentivizes customers who might otherwise purchase only the primary item.
BLUE HARMONICA IN BOX + RED HARMONICA IN BOX,2,BLUE HARMONICA IN BOX,RED HARMONICA IN BOX,0.0118,0.4912,19.2,15.0,Moderate Relationship,Moderate co-purchase tendency. A higher 15% bundle discount actively stimulates cross-selling and raises average basket size.
ALARM CLOCK BAKELIKE GREEN + ALARM CLOCK BAKELIKE IVORY,2,ALARM CLOCK BAKELIKE IVORY,ALARM CLOCK BAKELIKE GREEN,0.0111,0.5979,18.82,10.0,Strong Relationship,Solid co-purchase affinity. A 10% promotional bundle discount incentivizes customers who might otherwise purchase only the primary item.
HAND WARMER OWL DESIGN + HAND WARMER RED RETROSPOT,2,HAND WARMER RED RETROSPOT,HAND WARMER OWL DESIGN,0.0101,0.5539,18.32,10.0,Strong Relationship,Solid co-purchase affinity. A 10% promotional bundle discount incentivizes customers who might otherwise purchase only the primary item.
DOLLY GIRL LUNCH BOX + SPACEBOY LUNCH BOX,2,DOLLY GIRL LUNCH BOX,SPACEBOY LUNCH BOX,0.0207,0.6219,18.22,10.0,Strong Relationship,Solid co-purchase affinity. A 10% promotional bundle discount incentivizes customers who might otherwise purchase only the primary item.
ALARM CLOCK BAKELIKE PINK + ALARM CLOCK BAKELIKE RED,2,ALARM CLOCK BAKELIKE PINK,ALARM CLOCK BAKELIKE RED,0.0148,0.613,18.02,10.0,Strong Relationship,Solid co-purchase affinity. A 10% promotional bundle discount incentivizes customers who might otherwise purchase only the primary item.
CHARLOTTE BAG SUKI DESIGN + STRAWBERRY CHARLOTTE BAG + WOODLAND CHARLOTTE BAG,3,CHARLOTTE BAG SUKI DESIGN + WOODLAND CHARLOTTE BAG,STRAWBERRY CHARLOTTE BAG,0.0107,0.6171,17.93,10.0,Strong Relationship,Solid co-purchase affinity. A 10% promotional bundle discount incentivizes customers who might otherwise purchase only the primary item.
LUNCH BAG BLACK SKULL. + LUNCH BAG PINK POLKADOT + LUNCH BAG RED RETROSPOT,3,LUNCH BAG BLACK SKULL. + LUNCH BAG RED RETROSPOT,LUNCH BAG PINK POLKADOT,0.0106,0.5644,17.66,10.0,Strong Relationship,Solid co-purchase affinity. A 10% promotional bundle discount incentivizes customers who might otherwise purchase only the primary item.
EDWARDIAN PARASOL BLACK + EDWARDIAN PARASOL NATURAL,2,EDWARDIAN PARASOL BLACK,EDWARDIAN PARASOL NATURAL,0.0119,0.5042,17.59,10.0,Strong Relationship,Solid co-purchase affinity. A 10% promotional bundle discount incentivizes customers who might otherwise purchase only the primary item.
LUNCH BAG PINK RETROSPOT + LUNCH BAG RED SPOTTY,2,LUNCH BAG PINK RETROSPOT,LUNCH BAG RED SPOTTY,0.0108,0.5321,17.49,10.0,Strong Relationship,Solid co-purchase affinity. A 10% promotional bundle discount incentivizes customers who might otherwise purchase only the primary item.
ALARM CLOCK BAKELIKE GREEN + ALARM CLOCK BAKELIKE PINK,2,ALARM CLOCK BAKELIKE PINK,ALARM CLOCK BAKELIKE GREEN,0.0133,0.5501,17.32,10.0,Strong Relationship,Solid co-purchase affinity. A 10% promotional bundle discount incentivizes customers who might otherwise purchase only the primary item.
60 CAKE CASES VINTAGE CHRISTMAS + SET OF 20 VINTAGE CHRISTMAS NAPKINS,2,60 CAKE CASES VINTAGE CHRISTMAS,SET OF 20 VINTAGE CHRISTMAS NAPKINS,0.012,0.461,17.01,15.0,Moderate Relationship,Moderate co-purchase tendency. A higher 15% bundle discount actively stimulates cross-selling and raises average basket size.
HAND WARMER OWL DESIGN + HAND WARMER UNION JACK,2,HAND WARMER UNION JACK,HAND WARMER OWL DESIGN,0.011,0.514,17.0,10.0,Strong Relationship,Solid co-purchase affinity. A 10% promotional bundle discount incentivizes customers who might otherwise purchase only the primary item.
WOOD 2 DRAWER CABINET WHITE FINISH + WOOD S/3 CABINET ANT WHITE FINISH,2,WOOD S/3 CABINET ANT WHITE FINISH,WOOD 2 DRAWER CABINET WHITE FINISH,0.0126,0.472,16.85,15.0,Moderate Relationship,Moderate co-purchase tendency. A higher 15% bundle discount actively stimulates cross-selling and raises average basket size.
PLASTERS IN TIN CIRCUS PARADE + PLASTERS IN TIN STRONGMAN,2,PLASTERS IN TIN STRONGMAN,PLASTERS IN TIN CIRCUS PARADE,0.0119,0.4979,16.68,15.0,Moderate Relationship,Moderate co-purchase tendency. A higher 15% bundle discount actively stimulates cross-selling and raises average basket size.
IVORY KITCHEN SCALES + RED KITCHEN SCALES,2,RED KITCHEN SCALES,IVORY KITCHEN SCALES,0.012,0.5053,16.61,10.0,Strong Relationship,Solid co-purchase affinity. A 10% promotional bundle discount incentivizes customers who might otherwise purchase only the primary item.
PINK BLUE FELT CRAFT TRINKET BOX + PINK CREAM FELT CRAFT TRINKET BOX,2,PINK BLUE FELT CRAFT TRINKET BOX,PINK CREAM FELT CRAFT TRINKET BOX,0.0163,0.5688,16.32,10.0,Strong Relationship,Solid co-purchase affinity. A 10% promotional bundle discount incentivizes customers who might otherwise purchase only the primary item.
CHARLOTTE BAG PINK POLKADOT + CHARLOTTE BAG SUKI DESIGN,2,CHARLOTTE BAG PINK POLKADOT,CHARLOTTE BAG SUKI DESIGN,0.0127,0.5607,16.02,10.0,Strong Relationship,Solid co-purchase affinity. A 10% promotional bundle discount incentivizes customers who might otherwise purchase only the primary item.
HANGING HEART ZINC T-LIGHT HOLDER + SINGLE HEART ZINC T-LIGHT HOLDER,2,SINGLE HEART ZINC T-LIGHT HOLDER,HANGING HEART ZINC T-LIGHT HOLDER,0.017,0.5948,15.65,10.0,Strong Relationship,Solid co-purchase affinity. A 10% promotional bundle discount incentivizes customers who might otherwise purchase only the primary item.
SET OF 3 BUTTERFLY COOKIE CUTTERS + SET OF 3 HEART COOKIE CUTTERS,2,SET OF 3 BUTTERFLY COOKIE CUTTERS,SET OF 3 HEART COOKIE CUTTERS,0.0132,0.474,15.22,15.0,Moderate Relationship,Moderate co-purchase tendency. A higher 15% bundle discount actively stimulates cross-selling and raises average basket size.
PLASTERS IN TIN SPACEBOY + PLASTERS IN TIN WOODLAND ANIMALS,2,PLASTERS IN TIN WOODLAND ANIMALS,PLASTERS IN TIN SPACEBOY,0.0155,0.4871,15.03,15.0,Moderate Relationship,Moderate co-purchase tendency. A higher 15% bundle discount actively stimulates cross-selling and raises average basket size.
SET/20 RED RETROSPOT PAPER NAPKINS + SET/6 RED SPOTTY PAPER PLATES,2,SET/6 RED SPOTTY PAPER PLATES,SET/20 RED RETROSPOT PAPER NAPKINS,0.0107,0.4339,14.73,15.0,Moderate Relationship,Moderate co-purchase tendency. A higher 15% bundle discount actively stimulates cross-selling and raises average basket size.
PLASTERS IN TIN CIRCUS PARADE + PLASTERS IN TIN SPACEBOY,2,PLASTERS IN TIN CIRCUS PARADE,PLASTERS IN TIN SPACEBOY,0.0141,0.4724,14.57,15.0,Moderate Relationship,Moderate co-purchase tendency. A higher 15% bundle discount actively stimulates cross-selling and raises average basket size.
CHARLOTTE BAG PINK POLKADOT + STRAWBERRY CHARLOTTE BAG,2,CHARLOTTE BAG PINK POLKADOT,STRAWBERRY CHARLOTTE BAG,0.0112,0.4934,14.34,15.0,Moderate Relationship,Moderate co-purchase tendency. A higher 15% bundle discount actively stimulates cross-selling and raises average basket size.
DOTCOM POSTAGE + SUKI SHOULDER BAG,2,SUKI SHOULDER BAG,DOTCOM POSTAGE,0.0116,0.5049,14.3,10.0,Strong Relationship,Solid co-purchase affinity. A 10% promotional bundle discount incentivizes customers who might otherwise purchase only the primary item.
SET OF 3 CAKE TINS PANTRY DESIGN + SET OF 6 SPICE TINS PANTRY DESIGN,2,SET OF 6 SPICE TINS PANTRY DESIGN,SET OF 3 CAKE TINS PANTRY DESIGN,0.0102,0.491,14.21,15.0,Moderate Relationship,Moderate co-purchase tendency. A higher 15% bundle discount actively stimulates cross-selling and raises average basket size.
CHARLOTTE BAG SUKI DESIGN + RED RETROSPOT CHARLOTTE BAG,2,RED RETROSPOT CHARLOTTE BAG,CHARLOTTE BAG SUKI DESIGN,0.0155,0.4948,14.13,15.0,Moderate Relationship,Moderate co-purchase tendency. A higher 15% bundle discount actively stimulates cross-selling and raises average basket size.
CHOCOLATE HOT WATER BOTTLE + HOT WATER BOTTLE I AM SO POORLY,2,HOT WATER BOTTLE I AM SO POORLY,CHOCOLATE HOT WATER BOTTLE,0.0153,0.6053,14.1,10.0,Strong Relationship,Solid co-purchase affinity. A 10% promotional bundle discount incentivizes customers who might otherwise purchase only the primary item.
ROUND SNACK BOXES SET OF 4 FRUITS + ROUND SNACK BOXES SET OF4 WOODLAND,2,ROUND SNACK BOXES SET OF 4 FRUITS,ROUND SNACK BOXES SET OF4 WOODLAND,0.014,0.4879,14.09,15.0,Moderate Relationship,Moderate co-purchase tendency. A higher 15% bundle discount actively stimulates cross-selling and raises average basket size.
JAM MAKING SET PRINTED + JAM MAKING SET WITH JARS,2,JAM MAKING SET WITH JARS,JAM MAKING SET PRINTED,0.0122,0.4219,14.09,15.0,Moderate Relationship,Moderate co-purchase tendency. A higher 15% bundle discount actively stimulates cross-selling and raises average basket size.
PLASTERS IN TIN CIRCUS PARADE + PLASTERS IN TIN WOODLAND ANIMALS,2,PLASTERS IN TIN CIRCUS PARADE,PLASTERS IN TIN WOODLAND ANIMALS,0.0133,0.4465,14.03,15.0,Moderate Relationship,Moderate co-purchase tendency. A higher 15% bundle discount actively stimulates cross-selling and raises average basket size.
PLASTERS IN TIN SPACEBOY + PLASTERS IN TIN STRONGMAN,2,PLASTERS IN TIN STRONGMAN,PLASTERS IN TIN SPACEBOY,0.0104,0.4351,13.43,15.0,Moderate Relationship,Moderate co-purchase tendency. A higher 15% bundle discount actively stimulates cross-selling and raises average basket size.
CHARLOTTE BAG PINK POLKADOT + WOODLAND CHARLOTTE BAG,2,CHARLOTTE BAG PINK POLKADOT,WOODLAND CHARLOTTE BAG,0.0118,0.5221,13.3,10.0,Strong Relationship,Solid co-purchase affinity. A 10% promotional bundle discount incentivizes customers who might otherwise purchase only the primary item.
PLASTERS IN TIN STRONGMAN + PLASTERS IN TIN WOODLAND ANIMALS,2,PLASTERS IN TIN STRONGMAN,PLASTERS IN TIN WOODLAND ANIMALS,0.01,0.4205,13.22,15.0,Moderate Relationship,Moderate co-purchase tendency. A higher 15% bundle discount actively stimulates cross-selling and raises average basket size.
RED RETROSPOT CHARLOTTE BAG + STRAWBERRY CHARLOTTE BAG,2,RED RETROSPOT CHARLOTTE BAG,STRAWBERRY CHARLOTTE BAG,0.0142,0.4542,13.2,15.0,Moderate Relationship,Moderate co-purchase tendency. A higher 15% bundle discount actively stimulates cross-selling and raises average basket size.
60 TEATIME FAIRY CAKE CASES + 72 SWEETHEART FAIRY CAKE CASES + PACK OF 60 PINK PAISLEY CAKE CASES,3,60 TEATIME FAIRY CAKE CASES + PACK OF 60 PINK PAISLEY CAKE CASES,72 SWEETHEART FAIRY CAKE CASES,0.0108,0.4687,12.87,15.0,Moderate Relationship,Moderate co-purchase tendency. A higher 15% bundle discount actively stimulates cross-selling and raises average basket size.
PLASTERS IN TIN SKULLS + PLASTERS IN TIN WOODLAND ANIMALS,2,PLASTERS IN TIN SKULLS,PLASTERS IN TIN WOODLAND ANIMALS,0.0111,0.4092,12.86,15.0,Moderate Relationship,Moderate co-purchase tendency. A higher 15% bundle discount actively stimulates cross-selling and raises average basket size.
STRAWBERRY CHARLOTTE BAG + WOODLAND CHARLOTTE BAG,2,STRAWBERRY CHARLOTTE BAG,WOODLAND CHARLOTTE BAG,0.0173,0.5025,12.8,10.0,Strong Relationship,Solid co-purchase affinity. A 10% promotional bundle discount incentivizes customers who might otherwise purchase only the primary item.
CHARLOTTE BAG SUKI DESIGN + STRAWBERRY CHARLOTTE BAG,2,STRAWBERRY CHARLOTTE BAG,CHARLOTTE BAG SUKI DESIGN,0.0153,0.4453,12.72,15.0,Moderate Relationship,Moderate co-purchase tendency. A higher 15% bundle discount actively stimulates cross-selling and raises average basket size.
PACK OF 60 DINOSAUR CAKE CASES + PACK OF 60 SPACEBOY CAKE CASES,2,PACK OF 60 SPACEBOY CAKE CASES,PACK OF 60 DINOSAUR CAKE CASES,0.0114,0.4125,12.69,15.0,Moderate Relationship,Moderate co-purchase tendency. A higher 15% bundle discount actively stimulates cross-selling and raises average basket size.
BAKING SET 9 PIECE RETROSPOT + BAKING SET SPACEBOY DESIGN,2,BAKING SET SPACEBOY DESIGN,BAKING SET 9 PIECE RETROSPOT,0.0142,0.604,12.65,10.0,Strong Relationship,Solid co-purchase affinity. A 10% promotional bundle discount incentivizes customers who might otherwise purchase only the primary item.
CHARLOTTE BAG SUKI DESIGN + WOODLAND CHARLOTTE BAG,2,CHARLOTTE BAG SUKI DESIGN,WOODLAND CHARLOTTE BAG,0.0173,0.4932,12.57,15.0,Moderate Relationship,Moderate co-purchase tendency. A higher 15% bundle discount actively stimulates cross-selling and raises average basket size.
VINTAGE HEADS AND TAILS CARD GAME + VINTAGE SNAP CARDS,2,VINTAGE HEADS AND TAILS CARD GAME,VINTAGE SNAP CARDS,0.0191,0.5834,12.38,10.0,Strong Relationship,Solid co-purchase affinity. A 10% promotional bundle discount incentivizes customers who might otherwise purchase only the primary item.
PLASTERS IN TIN SPACEBOY + PLASTERS IN TIN VINTAGE PAISLEY,2,PLASTERS IN TIN VINTAGE PAISLEY,PLASTERS IN TIN SPACEBOY,0.0113,0.4005,12.36,15.0,Moderate Relationship,Moderate co-purchase tendency. A higher 15% bundle discount actively stimulates cross-selling and raises average basket size.
STRAWBERRY CERAMIC TRINKET BOX + SWEETHEART CERAMIC TRINKET BOX,2,SWEETHEART CERAMIC TRINKET BOX,STRAWBERRY CERAMIC TRINKET BOX,0.0262,0.7099,12.32,5.0,Very Strong Relationship,"Extremely high organic co-purchase affinity. Customers already buy these items together reliably; therefore, a modest 5% discount is sufficient to formalize the bundle without needlessly sacrificing margin."
LUNCH BAG PINK POLKADOT + LUNCH BAG RED RETROSPOT,2,LUNCH BAG PINK POLKADOT,LUNCH BAG RED RETROSPOT,0.0179,0.5613,12.25,10.0,Strong Relationship,Solid co-purchase affinity. A 10% promotional bundle discount incentivizes customers who might otherwise purchase only the primary item.
FELTCRAFT 6 FLOWER FRIENDS + FELTCRAFT BUTTERFLY HEARTS,2,FELTCRAFT BUTTERFLY HEARTS,FELTCRAFT 6 FLOWER FRIENDS,0.0119,0.4214,12.22,15.0,Moderate Relationship,Moderate co-purchase tendency. A higher 15% bundle discount actively stimulates cross-selling and raises average basket size.
PLASTERS IN TIN SKULLS + PLASTERS IN TIN SPACEBOY,2,PLASTERS IN TIN SKULLS,PLASTERS IN TIN SPACEBOY,0.0107,0.3945,12.17,15.0,Moderate Relationship,Moderate co-purchase tendency. A higher 15% bundle discount actively stimulates cross-selling and raises average basket size.
PLASTERS IN TIN VINTAGE PAISLEY + PLASTERS IN TIN WOODLAND ANIMALS,2,PLASTERS IN TIN VINTAGE PAISLEY,PLASTERS IN TIN WOODLAND ANIMALS,0.0108,0.3854,12.12,15.0,Moderate Relationship,Moderate co-purchase tendency. A higher 15% bundle discount actively stimulates cross-selling and raises average basket size.
WHITE HANGING HEART T-LIGHT HOLDER + WOODEN FRAME ANTIQUE WHITE + WOODEN PICTURE FRAME WHITE FINISH,3,WHITE HANGING HEART T-LIGHT HOLDER + WOODEN FRAME ANTIQUE WHITE,WOODEN PICTURE FRAME WHITE FINISH,0.0127,0.6043,12.07,10.0,Strong Relationship,Solid co-purchase affinity. A 10% promotional bundle discount incentivizes customers who might otherwise purchase only the primary item.
JUMBO BAG PINK POLKADOT + JUMBO BAG RED RETROSPOT + JUMBO SHOPPER VINTAGE RED PAISLEY,3,JUMBO BAG RED RETROSPOT + JUMBO SHOPPER VINTAGE RED PAISLEY,JUMBO BAG PINK POLKADOT,0.0109,0.4335,12.04,15.0,Moderate Relationship,Moderate co-purchase tendency. A higher 15% bundle discount actively stimulates cross-selling and raises average basket size.
RED RETROSPOT CHARLOTTE BAG + WOODLAND CHARLOTTE BAG,2,RED RETROSPOT CHARLOTTE BAG,WOODLAND CHARLOTTE BAG,0.0148,0.4717,12.02,15.0,Moderate Relationship,Moderate co-purchase tendency. A higher 15% bundle discount actively stimulates cross-selling and raises average basket size.
JUMBO BAG PINK POLKADOT + JUMBO BAG RED RETROSPOT + JUMBO STORAGE BAG SUKI,3,JUMBO BAG RED RETROSPOT + JUMBO STORAGE BAG SUKI,JUMBO BAG PINK POLKADOT,0.0118,0.4325,12.01,15.0,Moderate Relationship,Moderate co-purchase tendency. A higher 15% bundle discount actively stimulates cross-selling and raises average basket size.
DOTCOM POSTAGE + SMALL HEART MEASURING SPOONS,2,SMALL HEART MEASURING SPOONS,DOTCOM POSTAGE,0.0103,0.4204,11.91,15.0,Moderate Relationship,Moderate co-purchase tendency. A higher 15% bundle discount actively stimulates cross-selling and raises average basket size.
60 CAKE CASES VINTAGE CHRISTMAS + PAPER CHAIN KIT VINTAGE CHRISTMAS,2,60 CAKE CASES VINTAGE CHRISTMAS,PAPER CHAIN KIT VINTAGE CHRISTMAS,0.0109,0.4196,11.79,15.0,Moderate Relationship,Moderate co-purchase tendency. A higher 15% bundle discount actively stimulates cross-selling and raises average basket size.
PAPER CHAIN KIT 50'S CHRISTMAS + PAPER CHAIN KIT VINTAGE CHRISTMAS,2,PAPER CHAIN KIT VINTAGE CHRISTMAS,PAPER CHAIN KIT 50'S CHRISTMAS,0.0209,0.5879,11.68,10.0,Strong Relationship,Solid co-purchase affinity. A 10% promotional bundle discount incentivizes customers who might otherwise purchase only the primary item.
JUMBO BAG PINK VINTAGE PAISLEY + JUMBO BAG SCANDINAVIAN PAISLEY,2,JUMBO BAG SCANDINAVIAN PAISLEY,JUMBO BAG PINK VINTAGE PAISLEY,0.0103,0.4693,11.62,15.0,Moderate Relationship,Moderate co-purchase tendency. A higher 15% bundle discount actively stimulates cross-selling and raises average basket size.
CHOCOLATE HOT WATER BOTTLE + HOT WATER BOTTLE TEA AND SYMPATHY,2,HOT WATER BOTTLE TEA AND SYMPATHY,CHOCOLATE HOT WATER BOTTLE,0.0194,0.4902,11.42,15.0,Moderate Relationship,Moderate co-purchase tendency. A higher 15% bundle discount actively stimulates cross-selling and raises average basket size.
PAPER CHAIN KIT VINTAGE CHRISTMAS + SET OF 20 VINTAGE CHRISTMAS NAPKINS,2,SET OF 20 VINTAGE CHRISTMAS NAPKINS,PAPER CHAIN KIT VINTAGE CHRISTMAS,0.011,0.4061,11.4,15.0,Moderate Relationship,Moderate co-purchase tendency. A higher 15% bundle discount actively stimulates cross-selling and raises average basket size.
LUNCH BAG CARS BLUE + LUNCH BAG SPACEBOY DESIGN + LUNCH BAG WOODLAND,3,LUNCH BAG CARS BLUE + LUNCH BAG SPACEBOY DESIGN,LUNCH BAG WOODLAND,0.011,0.547,11.38,10.0,Strong Relationship,Solid co-purchase affinity. A 10% promotional bundle discount incentivizes customers who might otherwise purchase only the primary item.
JUMBO BAG TOYS + JUMBO BAG WOODLAND ANIMALS,2,JUMBO BAG TOYS,JUMBO BAG WOODLAND ANIMALS,0.0104,0.3973,11.25,15.0,Moderate Relationship,Moderate co-purchase tendency. A higher 15% bundle discount actively stimulates cross-selling and raises average basket size.
DOLLY GIRL LUNCH BOX + LUNCH BOX I LOVE LONDON,2,LUNCH BOX I LOVE LONDON,DOLLY GIRL LUNCH BOX,0.01,0.3743,11.25,15.0,Moderate Relationship,Moderate co-purchase tendency. A higher 15% bundle discount actively stimulates cross-selling and raises average basket size.
HEART OF WICKER LARGE + HEART OF WICKER SMALL + WHITE HANGING HEART T-LIGHT HOLDER,3,HEART OF WICKER SMALL + WHITE HANGING HEART T-LIGHT HOLDER,HEART OF WICKER LARGE,0.0106,0.5423,11.13,10.0,Strong Relationship,Solid co-purchase affinity. A 10% promotional bundle discount incentivizes customers who might otherwise purchase only the primary item.
72 SWEETHEART FAIRY CAKE CASES + PACK OF 60 DINOSAUR CAKE CASES,2,PACK OF 60 DINOSAUR CAKE CASES,72 SWEETHEART FAIRY CAKE CASES,0.0131,0.4037,11.08,15.0,Moderate Relationship,Moderate co-purchase tendency. A higher 15% bundle discount actively stimulates cross-selling and raises average basket size.
LUNCH BAG BLACK SKULL. + LUNCH BAG CARS BLUE + LUNCH BAG WOODLAND,3,LUNCH BAG BLACK SKULL. + LUNCH BAG CARS BLUE,LUNCH BAG WOODLAND,0.0117,0.5317,11.06,10.0,Strong Relationship,Solid co-purchase affinity. A 10% promotional bundle discount incentivizes customers who might otherwise purchase only the primary item.
COOK WITH WINE METAL SIGN + GIN + TONIC DIET METAL SIGN,2,COOK WITH WINE METAL SIGN,GIN + TONIC DIET METAL SIGN,0.0158,0.4442,11.06,15.0,Moderate Relationship,Moderate co-purchase tendency. A higher 15% bundle discount actively stimulates cross-selling and raises average basket size.
HOT WATER BOTTLE I AM SO POORLY + HOT WATER BOTTLE TEA AND SYMPATHY,2,HOT WATER BOTTLE I AM SO POORLY,HOT WATER BOTTLE TEA AND SYMPATHY,0.011,0.4362,11.04,15.0,Moderate Relationship,Moderate co-purchase tendency. A higher 15% bundle discount actively stimulates cross-selling and raises average basket size.
LUNCH BOX I LOVE LONDON + SPACEBOY LUNCH BOX,2,LUNCH BOX I LOVE LONDON,SPACEBOY LUNCH BOX,0.0101,0.3762,11.02,15.0,Moderate Relationship,Moderate co-purchase tendency. A higher 15% bundle discount actively stimulates cross-selling and raises average basket size.
LUNCH BAG CARS BLUE + LUNCH BAG SPACEBOY DESIGN + LUNCH BAG SUKI DESIGN,3,LUNCH BAG CARS BLUE + LUNCH BAG SPACEBOY DESIGN,LUNCH BAG SUKI DESIGN,0.013,0.6473,10.98,10.0,Strong Relationship,Solid co-purchase affinity. A 10% promotional bundle discount incentivizes customers who might otherwise purchase only the primary item.
JUMBO BAG OWLS + JUMBO BAG WOODLAND ANIMALS,2,JUMBO BAG OWLS,JUMBO BAG WOODLAND ANIMALS,0.0127,0.3874,10.97,15.0,Moderate Relationship,Moderate co-purchase tendency. A higher 15% bundle discount actively stimulates cross-selling and raises average basket size.
LUNCH BAG SPACEBOY DESIGN + LUNCH BAG SUKI DESIGN + LUNCH BAG WOODLAND,3,LUNCH BAG SUKI DESIGN + LUNCH BAG WOODLAND,LUNCH BAG SPACEBOY DESIGN,0.0117,0.5751,10.93,10.0,Strong Relationship,Solid co-purchase affinity. A 10% promotional bundle discount incentivizes customers who might otherwise purchase only the primary item.
LUNCH BAG CARS BLUE + LUNCH BAG SUKI DESIGN + LUNCH BAG WOODLAND,3,LUNCH BAG SUKI DESIGN + LUNCH BAG WOODLAND,LUNCH BAG CARS BLUE,0.0113,0.5579,10.82,10.0,Strong Relationship,Solid co-purchase affinity. A 10% promotional bundle discount incentivizes customers who might otherwise purchase only the primary item.
WOODEN FRAME ANTIQUE WHITE + WOODEN PICTURE FRAME WHITE FINISH,2,WOODEN PICTURE FRAME WHITE FINISH,WOODEN FRAME ANTIQUE WHITE,0.0278,0.5553,10.81,10.0,Strong Relationship,Solid co-purchase affinity. A 10% promotional bundle discount incentivizes customers who might otherwise purchase only the primary item.
JUMBO BAG RED RETROSPOT + JUMBO BAG WOODLAND ANIMALS + JUMBO STORAGE BAG SUKI,3,JUMBO BAG RED RETROSPOT + JUMBO STORAGE BAG SUKI,JUMBO BAG WOODLAND ANIMALS,0.0104,0.3805,10.78,15.0,Moderate Relationship,Moderate co-purchase tendency. A higher 15% bundle discount actively stimulates cross-selling and raises average basket size.
COOK WITH WINE METAL SIGN + HAND OVER THE CHOCOLATE SIGN,2,COOK WITH WINE METAL SIGN,HAND OVER THE CHOCOLATE SIGN,0.0137,0.3853,10.58,15.0,Moderate Relationship,Moderate co-purchase tendency. A higher 15% bundle discount actively stimulates cross-selling and raises average basket size.
LUNCH BAG DOLLY GIRL DESIGN + LUNCH BAG SPACEBOY DESIGN,2,LUNCH BAG DOLLY GIRL DESIGN,LUNCH BAG SPACEBOY DESIGN,0.0137,0.5533,10.52,10.0,Strong Relationship,Solid co-purchase affinity. A 10% promotional bundle discount incentivizes customers who might otherwise purchase only the primary item.
LUNCH BAG BLACK SKULL. + LUNCH BAG SPACEBOY DESIGN + LUNCH BAG WOODLAND,3,LUNCH BAG BLACK SKULL. + LUNCH BAG SPACEBOY DESIGN,LUNCH BAG WOODLAND,0.0112,0.5045,10.5,10.0,Strong Relationship,Solid co-purchase affinity. A 10% promotional bundle discount incentivizes customers who might otherwise purchase only the primary item.
PACK OF 60 DINOSAUR CAKE CASES + PACK OF 72 SKULL CAKE CASES,2,PACK OF 60 DINOSAUR CAKE CASES,PACK OF 72 SKULL CAKE CASES,0.0126,0.386,10.45,15.0,Moderate Relationship,Moderate co-purchase tendency. A higher 15% bundle discount actively stimulates cross-selling and raises average basket size.
PACK OF 60 SPACEBOY CAKE CASES + PACK OF 72 SKULL CAKE CASES,2,PACK OF 60 SPACEBOY CAKE CASES,PACK OF 72 SKULL CAKE CASES,0.0106,0.3835,10.38,15.0,Moderate Relationship,Moderate co-purchase tendency. A higher 15% bundle discount actively stimulates cross-selling and raises average basket size.
DOTCOM POSTAGE + LOVEBIRD HANGING DECORATION WHITE,2,LOVEBIRD HANGING DECORATION WHITE,DOTCOM POSTAGE,0.0104,0.3629,10.28,15.0,Moderate Relationship,Moderate co-purchase tendency. A higher 15% bundle discount actively stimulates cross-selling and raises average basket size.
LUNCH BAG APPLE DESIGN + LUNCH BAG RED RETROSPOT,2,LUNCH BAG APPLE DESIGN,LUNCH BAG RED RETROSPOT,0.0122,0.4701,10.26,15.0,Moderate Relationship,Moderate co-purchase tendency. A higher 15% bundle discount actively stimulates cross-selling and raises average basket size.
RETROSPOT HEART HOT WATER BOTTLE + SCOTTIE DOG HOT WATER BOTTLE,2,RETROSPOT HEART HOT WATER BOTTLE,SCOTTIE DOG HOT WATER BOTTLE,0.01,0.4323,10.26,15.0,Moderate Relationship,Moderate co-purchase tendency. A higher 15% bundle discount actively stimulates cross-selling and raises average basket size.
ASSORTED COLOUR BIRD ORNAMENT + PAINTED METAL PEARS ASSORTED,2,PAINTED METAL PEARS ASSORTED,ASSORTED COLOUR BIRD ORNAMENT,0.0132,0.7158,10.22,5.0,Very Strong Relationship,"Extremely high organic co-purchase affinity. Customers already buy these items together reliably; therefore, a modest 5% discount is sufficient to formalize the bundle without needlessly sacrificing margin."
PINK DOUGHNUT TRINKET POT + STRAWBERRY CERAMIC TRINKET BOX,2,PINK DOUGHNUT TRINKET POT,STRAWBERRY CERAMIC TRINKET BOX,0.0101,0.5844,10.14,10.0,Strong Relationship,Solid co-purchase affinity. A 10% promotional bundle discount incentivizes customers who might otherwise purchase only the primary item.
LUNCH BAG BLACK SKULL. + LUNCH BAG SPACEBOY DESIGN + LUNCH BAG SUKI DESIGN,3,LUNCH BAG BLACK SKULL. + LUNCH BAG SPACEBOY DESIGN,LUNCH BAG SUKI DESIGN,0.0131,0.5935,10.07,10.0,Strong Relationship,Solid co-purchase affinity. A 10% promotional bundle discount incentivizes customers who might otherwise purchase only the primary item.
JUMBO BAG BAROQUE BLACK WHITE + JUMBO SHOPPER VINTAGE RED PAISLEY + JUMBO STORAGE BAG SUKI,3,JUMBO BAG BAROQUE BLACK WHITE + JUMBO SHOPPER VINTAGE RED PAISLEY,JUMBO STORAGE BAG SUKI,0.0104,0.5804,9.99,10.0,Strong Relationship,Solid co-purchase affinity. A 10% promotional bundle discount incentivizes customers who might otherwise purchase only the primary item.
JUMBO BAG PINK VINTAGE PAISLEY + JUMBO BAG RED RETROSPOT + JUMBO SHOPPER VINTAGE RED PAISLEY,3,JUMBO BAG RED RETROSPOT + JUMBO SHOPPER VINTAGE RED PAISLEY,JUMBO BAG PINK VINTAGE PAISLEY,0.0102,0.4038,9.99,15.0,Moderate Relationship,Moderate co-purchase tendency. A higher 15% bundle discount actively stimulates cross-selling and raises average basket size.
HOME BUILDING BLOCK WORD + LOVE BUILDING BLOCK WORD,2,LOVE BUILDING BLOCK WORD,HOME BUILDING BLOCK WORD,0.0216,0.5106,9.91,10.0,Strong Relationship,Solid co-purchase affinity. A 10% promotional bundle discount incentivizes customers who might otherwise purchase only the primary item.
LUNCH BAG BLACK SKULL. + LUNCH BAG CARS BLUE + LUNCH BAG SUKI DESIGN,3,LUNCH BAG BLACK SKULL. + LUNCH BAG SUKI DESIGN,LUNCH BAG CARS BLUE,0.0128,0.5105,9.9,10.0,Strong Relationship,Solid co-purchase affinity. A 10% promotional bundle discount incentivizes customers who might otherwise purchase only the primary item.
LUNCH BAG BLACK SKULL. + LUNCH BAG CARS BLUE + LUNCH BAG SPACEBOY DESIGN,3,LUNCH BAG BLACK SKULL. + LUNCH BAG SPACEBOY DESIGN,LUNCH BAG CARS BLUE,0.0112,0.5068,9.83,10.0,Strong Relationship,Solid co-purchase affinity. A 10% promotional bundle discount incentivizes customers who might otherwise purchase only the primary item.
PACK OF 60 MUSHROOM CAKE CASES + PACK OF 60 PINK PAISLEY CAKE CASES,2,PACK OF 60 MUSHROOM CAKE CASES,PACK OF 60 PINK PAISLEY CAKE CASES,0.0116,0.4884,9.82,15.0,Moderate Relationship,Moderate co-purchase tendency. A higher 15% bundle discount actively stimulates cross-selling and raises average basket size.
60 TEATIME FAIRY CAKE CASES + PACK OF 60 DINOSAUR CAKE CASES,2,PACK OF 60 DINOSAUR CAKE CASES,60 TEATIME FAIRY CAKE CASES,0.0168,0.5165,9.73,10.0,Strong Relationship,Solid co-purchase affinity. A 10% promotional bundle discount incentivizes customers who might otherwise purchase only the primary item.
LUNCH BAG BLACK SKULL. + LUNCH BAG SUKI DESIGN + LUNCH BAG WOODLAND,3,LUNCH BAG SUKI DESIGN + LUNCH BAG WOODLAND,LUNCH BAG BLACK SKULL.,0.0115,0.569,9.7,10.0,Strong Relationship,Solid co-purchase affinity. A 10% promotional bundle discount incentivizes customers who might otherwise purchase only the primary item.
HAND OVER THE CHOCOLATE SIGN + NO SINGING METAL SIGN,2,NO SINGING METAL SIGN,HAND OVER THE CHOCOLATE SIGN,0.0101,0.3516,9.65,15.0,Moderate Relationship,Moderate co-purchase tendency. A higher 15% bundle discount actively stimulates cross-selling and raises average basket size.
GIN + TONIC DIET METAL SIGN + HAND OVER THE CHOCOLATE SIGN,2,HAND OVER THE CHOCOLATE SIGN,GIN + TONIC DIET METAL SIGN,0.014,0.3849,9.59,15.0,Moderate Relationship,Moderate co-purchase tendency. A higher 15% bundle discount actively stimulates cross-selling and raises average basket size.
JUMBO BAG BAROQUE BLACK WHITE + JUMBO BAG RED RETROSPOT + JUMBO SHOPPER VINTAGE RED PAISLEY,3,JUMBO BAG RED RETROSPOT + JUMBO SHOPPER VINTAGE RED PAISLEY,JUMBO BAG BAROQUE BLACK WHITE,0.0113,0.4484,9.57,15.0,Moderate Relationship,Moderate co-purchase tendency. A higher 15% bundle discount actively stimulates cross-selling and raises average basket size.
DOTCOM POSTAGE + RECYCLING BAG RETROSPOT,2,DOTCOM POSTAGE,RECYCLING BAG RETROSPOT,0.0132,0.3746,9.56,15.0,Moderate Relationship,Moderate co-purchase tendency. A higher 15% bundle discount actively stimulates cross-selling and raises average basket size.
HEART OF WICKER LARGE + HEART OF WICKER SMALL,2,HEART OF WICKER LARGE,HEART OF WICKER SMALL,0.025,0.5128,9.55,10.0,Strong Relationship,Solid co-purchase affinity. A 10% promotional bundle discount incentivizes customers who might otherwise purchase only the primary item.
60 TEATIME FAIRY CAKE CASES + 72 SWEETHEART FAIRY CAKE CASES,2,72 SWEETHEART FAIRY CAKE CASES,60 TEATIME FAIRY CAKE CASES,0.0183,0.5014,9.45,10.0,Strong Relationship,Solid co-purchase affinity. A 10% promotional bundle discount incentivizes customers who might otherwise purchase only the primary item.
DOTCOM POSTAGE + JUMBO BAG WOODLAND ANIMALS,2,JUMBO BAG WOODLAND ANIMALS,DOTCOM POSTAGE,0.0118,0.3336,9.45,15.0,Moderate Relationship,Moderate co-purchase tendency. A higher 15% bundle discount actively stimulates cross-selling and raises average basket size.
LUNCH BAG BLACK SKULL. + LUNCH BAG RED RETROSPOT + LUNCH BAG SUKI DESIGN,3,LUNCH BAG RED RETROSPOT + LUNCH BAG SUKI DESIGN,LUNCH BAG BLACK SKULL.,0.0104,0.5531,9.43,10.0,Strong Relationship,Solid co-purchase affinity. A 10% promotional bundle discount incentivizes customers who might otherwise purchase only the primary item.
JUMBO BAG BAROQUE BLACK WHITE + JUMBO BAG RED RETROSPOT + JUMBO STORAGE BAG SUKI,3,JUMBO BAG RED RETROSPOT + JUMBO STORAGE BAG SUKI,JUMBO BAG BAROQUE BLACK WHITE,0.0121,0.4416,9.42,15.0,Moderate Relationship,Moderate co-purchase tendency. A higher 15% bundle discount actively stimulates cross-selling and raises average basket size.
60 TEATIME FAIRY CAKE CASES + SET OF 36 TEATIME PAPER DOILIES,2,SET OF 36 TEATIME PAPER DOILIES,60 TEATIME FAIRY CAKE CASES,0.0101,0.4975,9.37,15.0,Moderate Relationship,Moderate co-purchase tendency. A higher 15% bundle discount actively stimulates cross-selling and raises average basket size.
JUMBO BAG RED RETROSPOT + JUMBO SHOPPER VINTAGE RED PAISLEY + JUMBO STORAGE BAG SUKI,3,JUMBO BAG RED RETROSPOT + JUMBO SHOPPER VINTAGE RED PAISLEY,JUMBO STORAGE BAG SUKI,0.0137,0.5437,9.36,10.0,Strong Relationship,Solid co-purchase affinity. A 10% promotional bundle discount incentivizes customers who might otherwise purchase only the primary item.
JUMBO BAG PINK POLKADOT + JUMBO BAG WOODLAND ANIMALS,2,JUMBO BAG WOODLAND ANIMALS,JUMBO BAG PINK POLKADOT,0.0118,0.3336,9.26,15.0,Moderate Relationship,Moderate co-purchase tendency. A higher 15% bundle discount actively stimulates cross-selling and raises average basket size.
VINTAGE SNAP CARDS + WOODEN BOX OF DOMINOES,2,WOODEN BOX OF DOMINOES,VINTAGE SNAP CARDS,0.0122,0.4354,9.24,15.0,Moderate Relationship,Moderate co-purchase tendency. A higher 15% bundle discount actively stimulates cross-selling and raises average basket size.
JUMBO BAG SPACEBOY DESIGN + JUMBO BAG WOODLAND ANIMALS,2,JUMBO BAG SPACEBOY DESIGN,JUMBO BAG WOODLAND ANIMALS,0.0102,0.3261,9.24,15.0,Moderate Relationship,Moderate co-purchase tendency. A higher 15% bundle discount actively stimulates cross-selling and raises average basket size.
LUNCH BAG DOLLY GIRL DESIGN + LUNCH BAG RED RETROSPOT,2,LUNCH BAG DOLLY GIRL DESIGN,LUNCH BAG RED RETROSPOT,0.0104,0.4185,9.13,15.0,Moderate Relationship,Moderate co-purchase tendency. A higher 15% bundle discount actively stimulates cross-selling and raises average basket size.
LADIES & GENTLEMEN METAL SIGN + PLEASE ONE PERSON METAL SIGN,2,LADIES & GENTLEMEN METAL SIGN,PLEASE ONE PERSON METAL SIGN,0.0114,0.4108,9.1,15.0,Moderate Relationship,Moderate co-purchase tendency. A higher 15% bundle discount actively stimulates cross-selling and raises average basket size.
COOK WITH WINE METAL SIGN + PLEASE ONE PERSON METAL SIGN,2,COOK WITH WINE METAL SIGN,PLEASE ONE PERSON METAL SIGN,0.0146,0.4098,9.07,15.0,Moderate Relationship,Moderate co-purchase tendency. A higher 15% bundle discount actively stimulates cross-selling and raises average basket size.
PACK OF 60 DINOSAUR CAKE CASES + PACK OF 60 PINK PAISLEY CAKE CASES,2,PACK OF 60 DINOSAUR CAKE CASES,PACK OF 60 PINK PAISLEY CAKE CASES,0.0146,0.4505,9.06,15.0,Moderate Relationship,Moderate co-purchase tendency. A higher 15% bundle discount actively stimulates cross-selling and raises average basket size.
JUMBO STORAGE BAG SKULLS + JUMBO STORAGE BAG SUKI,2,JUMBO STORAGE BAG SKULLS,JUMBO STORAGE BAG SUKI,0.0172,0.5208,8.96,10.0,Strong Relationship,Solid co-purchase affinity. A 10% promotional bundle discount incentivizes customers who might otherwise purchase only the primary item.
60 TEATIME FAIRY CAKE CASES + PACK OF 60 MUSHROOM CAKE CASES,2,PACK OF 60 MUSHROOM CAKE CASES,60 TEATIME FAIRY CAKE CASES,0.0112,0.4726,8.91,15.0,Moderate Relationship,Moderate co-purchase tendency. A higher 15% bundle discount actively stimulates cross-selling and raises average basket size.
GIN + TONIC DIET METAL SIGN + NO SINGING METAL SIGN,2,NO SINGING METAL SIGN,GIN + TONIC DIET METAL SIGN,0.0103,0.3576,8.91,15.0,Moderate Relationship,Moderate co-purchase tendency. A higher 15% bundle discount actively stimulates cross-selling and raises average basket size.
60 TEATIME FAIRY CAKE CASES + PACK OF 60 SPACEBOY CAKE CASES,2,PACK OF 60 SPACEBOY CAKE CASES,60 TEATIME FAIRY CAKE CASES,0.013,0.4714,8.88,15.0,Moderate Relationship,Moderate co-purchase tendency. A higher 15% bundle discount actively stimulates cross-selling and raises average basket size.
JUMBO BAG TOYS + JUMBO STORAGE BAG SUKI,2,JUMBO BAG TOYS,JUMBO STORAGE BAG SUKI,0.0134,0.5095,8.77,10.0,Strong Relationship,Solid co-purchase affinity. A 10% promotional bundle discount incentivizes customers who might otherwise purchase only the primary item.
72 SWEETHEART FAIRY CAKE CASES + PACK OF 60 PINK PAISLEY CAKE CASES,2,72 SWEETHEART FAIRY CAKE CASES,PACK OF 60 PINK PAISLEY CAKE CASES,0.0159,0.4363,8.77,15.0,Moderate Relationship,Moderate co-purchase tendency. A higher 15% bundle discount actively stimulates cross-selling and raises average basket size.
60 TEATIME FAIRY CAKE CASES + PACK OF 60 PINK PAISLEY CAKE CASES,2,PACK OF 60 PINK PAISLEY CAKE CASES,60 TEATIME FAIRY CAKE CASES,0.0231,0.4646,8.75,15.0,Moderate Relationship,Moderate co-purchase tendency. A higher 15% bundle discount actively stimulates cross-selling and raises average basket size.
DOTCOM POSTAGE + GREEN REGENCY TEACUP AND SAUCER,2,GREEN REGENCY TEACUP AND SAUCER,DOTCOM POSTAGE,0.0103,0.309,8.75,15.0,Moderate Relationship,Moderate co-purchase tendency. A higher 15% bundle discount actively stimulates cross-selling and raises average basket size.
LUNCH BAG CARS BLUE + LUNCH BAG PINK POLKADOT,2,LUNCH BAG PINK POLKADOT,LUNCH BAG CARS BLUE,0.0144,0.4504,8.73,15.0,Moderate Relationship,Moderate co-purchase tendency. A higher 15% bundle discount actively stimulates cross-selling and raises average basket size.
JUMBO BAG WOODLAND ANIMALS + JUMBO STORAGE BAG SKULLS,2,JUMBO STORAGE BAG SKULLS,JUMBO BAG WOODLAND ANIMALS,0.0102,0.3081,8.73,15.0,Moderate Relationship,Moderate co-purchase tendency. A higher 15% bundle discount actively stimulates cross-selling and raises average basket size.
GIN + TONIC DIET METAL SIGN + PLEASE ONE PERSON METAL SIGN,2,GIN + TONIC DIET METAL SIGN,PLEASE ONE PERSON METAL SIGN,0.0156,0.3884,8.6,15.0,Moderate Relationship,Moderate co-purchase tendency. A higher 15% bundle discount actively stimulates cross-selling and raises average basket size.
JUMBO BAG SPACEBOY DESIGN + JUMBO STORAGE BAG SUKI,2,JUMBO BAG SPACEBOY DESIGN,JUMBO STORAGE BAG SUKI,0.0155,0.4992,8.59,15.0,Moderate Relationship,Moderate co-purchase tendency. A higher 15% bundle discount actively stimulates cross-selling and raises average basket size.
CHOCOLATE HOT WATER BOTTLE + SCOTTIE DOG HOT WATER BOTTLE,2,SCOTTIE DOG HOT WATER BOTTLE,CHOCOLATE HOT WATER BOTTLE,0.0155,0.3671,8.55,15.0,Moderate Relationship,Moderate co-purchase tendency. A higher 15% bundle discount actively stimulates cross-selling and raises average basket size.
JUMBO BAG OWLS + JUMBO STORAGE BAG SUKI,2,JUMBO BAG OWLS,JUMBO STORAGE BAG SUKI,0.0162,0.4939,8.5,15.0,Moderate Relationship,Moderate co-purchase tendency. A higher 15% bundle discount actively stimulates cross-selling and raises average basket size.
WOOD 2 DRAWER CABINET WHITE FINISH + WOODEN PICTURE FRAME WHITE FINISH,2,WOOD 2 DRAWER CABINET WHITE FINISH,WOODEN PICTURE FRAME WHITE FINISH,0.0119,0.4256,8.5,15.0,Moderate Relationship,Moderate co-purchase tendency. A higher 15% bundle discount actively stimulates cross-selling and raises average basket size.
LUNCH BAG DOLLY GIRL DESIGN + LUNCH BAG WOODLAND,2,LUNCH BAG DOLLY GIRL DESIGN,LUNCH BAG WOODLAND,0.0101,0.4085,8.5,15.0,Moderate Relationship,Moderate co-purchase tendency. A higher 15% bundle discount actively stimulates cross-selling and raises average basket size.
LUNCH BAG BLACK SKULL. + LUNCH BAG PINK POLKADOT,2,LUNCH BAG PINK POLKADOT,LUNCH BAG BLACK SKULL.,0.0159,0.498,8.49,15.0,Moderate Relationship,Moderate co-purchase tendency. A higher 15% bundle discount actively stimulates cross-selling and raises average basket size.
JUMBO BAG RED RETROSPOT + JUMBO BAG STRAWBERRY + JUMBO STORAGE BAG SUKI,3,JUMBO BAG RED RETROSPOT + JUMBO STORAGE BAG SUKI,JUMBO BAG STRAWBERRY,0.0107,0.3914,8.46,15.0,Moderate Relationship,Moderate co-purchase tendency. A higher 15% bundle discount actively stimulates cross-selling and raises average basket size.
DOTCOM POSTAGE + RED TOADSTOOL LED NIGHT LIGHT,2,DOTCOM POSTAGE,RED TOADSTOOL LED NIGHT LIGHT,0.0114,0.3237,8.44,15.0,Moderate Relationship,Moderate co-purchase tendency. A higher 15% bundle discount actively stimulates cross-selling and raises average basket size.
LUNCH BAG DOLLY GIRL DESIGN + LUNCH BAG SUKI DESIGN,2,LUNCH BAG DOLLY GIRL DESIGN,LUNCH BAG SUKI DESIGN,0.0123,0.495,8.39,15.0,Moderate Relationship,Moderate co-purchase tendency. A higher 15% bundle discount actively stimulates cross-selling and raises average basket size.
WOOD 2 DRAWER CABINET WHITE FINISH + WOODEN FRAME ANTIQUE WHITE,2,WOOD 2 DRAWER CABINET WHITE FINISH,WOODEN FRAME ANTIQUE WHITE,0.012,0.4283,8.34,15.0,Moderate Relationship,Moderate co-purchase tendency. A higher 15% bundle discount actively stimulates cross-selling and raises average basket size.
JUMBO BAG RED RETROSPOT + JUMBO BAG SCANDINAVIAN BLUE PAISLEY,2,JUMBO BAG SCANDINAVIAN BLUE PAISLEY,JUMBO BAG RED RETROSPOT,0.0112,0.6767,8.3,10.0,Strong Relationship,Solid co-purchase affinity. A 10% promotional bundle discount incentivizes customers who might otherwise purchase only the primary item.
72 SWEETHEART FAIRY CAKE CASES + PACK OF 72 SKULL CAKE CASES,2,72 SWEETHEART FAIRY CAKE CASES,PACK OF 72 SKULL CAKE CASES,0.0112,0.3068,8.3,15.0,Moderate Relationship,Moderate co-purchase tendency. A higher 15% bundle discount actively stimulates cross-selling and raises average basket size.
LUNCH BAG CARS BLUE + LUNCH BAG WOODLAND,2,LUNCH BAG WOODLAND,LUNCH BAG CARS BLUE,0.0205,0.4268,8.28,15.0,Moderate Relationship,Moderate co-purchase tendency. A higher 15% bundle discount actively stimulates cross-selling and raises average basket size.
JUMBO BAG BAROQUE BLACK WHITE + JUMBO BAG TOYS,2,JUMBO BAG TOYS,JUMBO BAG BAROQUE BLACK WHITE,0.0102,0.3869,8.26,15.0,Moderate Relationship,Moderate co-purchase tendency. A higher 15% bundle discount actively stimulates cross-selling and raises average basket size.
JUMBO BAG WOODLAND ANIMALS + JUMBO STORAGE BAG SUKI,2,JUMBO BAG WOODLAND ANIMALS,JUMBO STORAGE BAG SUKI,0.0169,0.4777,8.22,15.0,Moderate Relationship,Moderate co-purchase tendency. A higher 15% bundle discount actively stimulates cross-selling and raises average basket size.
JUMBO BAG PINK POLKADOT + JUMBO BAG RED RETROSPOT,2,JUMBO BAG PINK POLKADOT,JUMBO BAG RED RETROSPOT,0.0241,0.6694,8.21,10.0,Strong Relationship,Solid co-purchase affinity. A 10% promotional bundle discount incentivizes customers who might otherwise purchase only the primary item.
LUNCH BAG SPACEBOY DESIGN + LUNCH BAG WOODLAND,2,LUNCH BAG WOODLAND,LUNCH BAG SPACEBOY DESIGN,0.0206,0.4278,8.13,15.0,Moderate Relationship,Moderate co-purchase tendency. A higher 15% bundle discount actively stimulates cross-selling and raises average basket size.
HAND OVER THE CHOCOLATE SIGN + PLEASE ONE PERSON METAL SIGN,2,HAND OVER THE CHOCOLATE SIGN,PLEASE ONE PERSON METAL SIGN,0.0133,0.3658,8.1,15.0,Moderate Relationship,Moderate co-purchase tendency. A higher 15% bundle discount actively stimulates cross-selling and raises average basket size.
NO SINGING METAL SIGN + PLEASE ONE PERSON METAL SIGN,2,NO SINGING METAL SIGN,PLEASE ONE PERSON METAL SIGN,0.0105,0.3655,8.09,15.0,Moderate Relationship,Moderate co-purchase tendency. A higher 15% bundle discount actively stimulates cross-selling and raises average basket size.
LUNCH BAG SPACEBOY DESIGN + LUNCH BAG SUKI DESIGN,2,LUNCH BAG SPACEBOY DESIGN,LUNCH BAG SUKI DESIGN,0.0251,0.4763,8.08,15.0,Moderate Relationship,Moderate co-purchase tendency. A higher 15% bundle discount actively stimulates cross-selling and raises average basket size.
60 TEATIME FAIRY CAKE CASES + PACK OF 72 RETRO SPOT CAKE CASES,2,PACK OF 72 RETRO SPOT CAKE CASES,60 TEATIME FAIRY CAKE CASES,0.015,0.4277,8.06,15.0,Moderate Relationship,Moderate co-purchase tendency. A higher 15% bundle discount actively stimulates cross-selling and raises average basket size.
PACK OF 60 PINK PAISLEY CAKE CASES + PACK OF 60 SPACEBOY CAKE CASES,2,PACK OF 60 SPACEBOY CAKE CASES,PACK OF 60 PINK PAISLEY CAKE CASES,0.011,0.4007,8.06,15.0,Moderate Relationship,Moderate co-purchase tendency. A higher 15% bundle discount actively stimulates cross-selling and raises average basket size.
LUNCH BAG RED RETROSPOT + RED RETROSPOT CHARLOTTE BAG,2,RED RETROSPOT CHARLOTTE BAG,LUNCH BAG RED RETROSPOT,0.0116,0.3689,8.05,15.0,Moderate Relationship,Moderate co-purchase tendency. A higher 15% bundle discount actively stimulates cross-selling and raises average basket size.
JUMBO BAG PINK VINTAGE PAISLEY + JUMBO BAG STRAWBERRY,2,JUMBO BAG PINK VINTAGE PAISLEY,JUMBO BAG STRAWBERRY,0.015,0.3718,8.03,15.0,Moderate Relationship,Moderate co-purchase tendency. A higher 15% bundle discount actively stimulates cross-selling and raises average basket size.
LUNCH BAG CARS BLUE + LUNCH BAG DOLLY GIRL DESIGN,2,LUNCH BAG DOLLY GIRL DESIGN,LUNCH BAG CARS BLUE,0.0101,0.4064,7.88,15.0,Moderate Relationship,Moderate co-purchase tendency. A higher 15% bundle discount actively stimulates cross-selling and raises average basket size.
60 CAKE CASES VINTAGE CHRISTMAS + PAPER CHAIN KIT 50'S CHRISTMAS,2,60 CAKE CASES VINTAGE CHRISTMAS,PAPER CHAIN KIT 50'S CHRISTMAS,0.0103,0.3956,7.86,15.0,Moderate Relationship,Moderate co-purchase tendency. A higher 15% bundle discount actively stimulates cross-selling and raises average basket size.
60 TEATIME FAIRY CAKE CASES + PACK OF 72 SKULL CAKE CASES,2,PACK OF 72 SKULL CAKE CASES,60 TEATIME FAIRY CAKE CASES,0.0154,0.4166,7.85,15.0,Moderate Relationship,Moderate co-purchase tendency. A higher 15% bundle discount actively stimulates cross-selling and raises average basket size.
WOOD S/3 CABINET ANT WHITE FINISH + WOODEN FRAME ANTIQUE WHITE,2,WOOD S/3 CABINET ANT WHITE FINISH,WOODEN FRAME ANTIQUE WHITE,0.0108,0.4021,7.83,15.0,Moderate Relationship,Moderate co-purchase tendency. A higher 15% bundle discount actively stimulates cross-selling and raises average basket size.
JUMBO BAG BAROQUE BLACK WHITE + JUMBO STORAGE BAG SKULLS,2,JUMBO STORAGE BAG SKULLS,JUMBO BAG BAROQUE BLACK WHITE,0.0121,0.3664,7.82,15.0,Moderate Relationship,Moderate co-purchase tendency. A higher 15% bundle discount actively stimulates cross-selling and raises average basket size.
PACK OF 72 RETROSPOT CAKE CASES + PACK OF 72 SKULL CAKE CASES,2,PACK OF 72 SKULL CAKE CASES,PACK OF 72 RETROSPOT CAKE CASES,0.0123,0.3329,7.81,15.0,Moderate Relationship,Moderate co-purchase tendency. A higher 15% bundle discount actively stimulates cross-selling and raises average basket size.
JUMBO BAG PINK VINTAGE PAISLEY + JUMBO SHOPPER VINTAGE RED PAISLEY,2,JUMBO BAG PINK VINTAGE PAISLEY,JUMBO SHOPPER VINTAGE RED PAISLEY,0.0171,0.4231,7.74,15.0,Moderate Relationship,Moderate co-purchase tendency. A higher 15% bundle discount actively stimulates cross-selling and raises average basket size.
JUMBO BAG TOYS + JUMBO SHOPPER VINTAGE RED PAISLEY,2,JUMBO BAG TOYS,JUMBO SHOPPER VINTAGE RED PAISLEY,0.011,0.4192,7.66,15.0,Moderate Relationship,Moderate co-purchase tendency. A higher 15% bundle discount actively stimulates cross-selling and raises average basket size.
LUNCH BAG CARS BLUE + LUNCH BAG SUKI DESIGN,2,LUNCH BAG CARS BLUE,LUNCH BAG SUKI DESIGN,0.0232,0.4504,7.64,15.0,Moderate Relationship,Moderate co-purchase tendency. A higher 15% bundle discount actively stimulates cross-selling and raises average basket size.
JUMBO BAG BAROQUE BLACK WHITE + JUMBO BAG OWLS,2,JUMBO BAG OWLS,JUMBO BAG BAROQUE BLACK WHITE,0.0117,0.3577,7.63,15.0,Moderate Relationship,Moderate co-purchase tendency. A higher 15% bundle discount actively stimulates cross-selling and raises average basket size.
JUMBO BAG PINK VINTAGE PAISLEY + JUMBO STORAGE BAG SKULLS,2,JUMBO STORAGE BAG SKULLS,JUMBO BAG PINK VINTAGE PAISLEY,0.0102,0.3081,7.63,15.0,Moderate Relationship,Moderate co-purchase tendency. A higher 15% bundle discount actively stimulates cross-selling and raises average basket size.
PACK OF 60 PINK PAISLEY CAKE CASES + PACK OF 72 RETRO SPOT CAKE CASES,2,PACK OF 72 RETRO SPOT CAKE CASES,PACK OF 60 PINK PAISLEY CAKE CASES,0.0133,0.3787,7.62,15.0,Moderate Relationship,Moderate co-purchase tendency. A higher 15% bundle discount actively stimulates cross-selling and raises average basket size.
JUMBO BAG PINK POLKADOT + JUMBO BAG PINK VINTAGE PAISLEY,2,JUMBO BAG PINK POLKADOT,JUMBO BAG PINK VINTAGE PAISLEY,0.0111,0.307,7.6,15.0,Moderate Relationship,Moderate co-purchase tendency. A higher 15% bundle discount actively stimulates cross-selling and raises average basket size.
LUNCH BAG PINK POLKADOT + LUNCH BAG WOODLAND,2,LUNCH BAG PINK POLKADOT,LUNCH BAG WOODLAND,0.0116,0.3614,7.52,15.0,Moderate Relationship,Moderate co-purchase tendency. A higher 15% bundle discount actively stimulates cross-selling and raises average basket size.
PACK OF 72 RETROSPOT CAKE CASES + RED RETROSPOT CHARLOTTE BAG,2,RED RETROSPOT CHARLOTTE BAG,PACK OF 72 RETROSPOT CAKE CASES,0.01,0.3195,7.5,15.0,Moderate Relationship,Moderate co-purchase tendency. A higher 15% bundle discount actively stimulates cross-selling and raises average basket size.
WOOD S/3 CABINET ANT WHITE FINISH + WOODEN PICTURE FRAME WHITE FINISH,2,WOOD S/3 CABINET ANT WHITE FINISH,WOODEN PICTURE FRAME WHITE FINISH,0.01,0.3741,7.47,15.0,Moderate Relationship,Moderate co-purchase tendency. A higher 15% bundle discount actively stimulates cross-selling and raises average basket size.
JUMBO BAG SPACEBOY DESIGN + JUMBO SHOPPER VINTAGE RED PAISLEY,2,JUMBO BAG SPACEBOY DESIGN,JUMBO SHOPPER VINTAGE RED PAISLEY,0.0127,0.4079,7.46,15.0,Moderate Relationship,Moderate co-purchase tendency. A higher 15% bundle discount actively stimulates cross-selling and raises average basket size.
LUNCH BAG PINK POLKADOT + LUNCH BAG SPACEBOY DESIGN,2,LUNCH BAG PINK POLKADOT,LUNCH BAG SPACEBOY DESIGN,0.0125,0.3911,7.44,15.0,Moderate Relationship,Moderate co-purchase tendency. A higher 15% bundle discount actively stimulates cross-selling and raises average basket size.
LUNCH BAG CARS BLUE + LUNCH BAG SPACEBOY DESIGN,2,LUNCH BAG CARS BLUE,LUNCH BAG SPACEBOY DESIGN,0.0202,0.3909,7.43,15.0,Moderate Relationship,Moderate co-purchase tendency. A higher 15% bundle discount actively stimulates cross-selling and raises average basket size.
JUMBO BAG BAROQUE BLACK WHITE + JUMBO BAG STRAWBERRY,2,JUMBO BAG STRAWBERRY,JUMBO BAG BAROQUE BLACK WHITE,0.016,0.3461,7.39,15.0,Moderate Relationship,Moderate co-purchase tendency. A higher 15% bundle discount actively stimulates cross-selling and raises average basket size.
LUNCH BAG APPLE DESIGN + LUNCH BAG SUKI DESIGN,2,LUNCH BAG APPLE DESIGN,LUNCH BAG SUKI DESIGN,0.0112,0.4334,7.35,15.0,Moderate Relationship,Moderate co-purchase tendency. A higher 15% bundle discount actively stimulates cross-selling and raises average basket size.
LUNCH BAG BLACK SKULL. + LUNCH BAG DOLLY GIRL DESIGN,2,LUNCH BAG DOLLY GIRL DESIGN,LUNCH BAG BLACK SKULL.,0.0107,0.4296,7.32,15.0,Moderate Relationship,Moderate co-purchase tendency. A higher 15% bundle discount actively stimulates cross-selling and raises average basket size.
JUMBO BAG BAROQUE BLACK WHITE + JUMBO BAG PINK POLKADOT,2,JUMBO BAG PINK POLKADOT,JUMBO BAG BAROQUE BLACK WHITE,0.0124,0.343,7.32,15.0,Moderate Relationship,Moderate co-purchase tendency. A higher 15% bundle discount actively stimulates cross-selling and raises average basket size.
LUNCH BAG BLACK SKULL. + LUNCH BAG WOODLAND,2,LUNCH BAG WOODLAND,LUNCH BAG BLACK SKULL.,0.0206,0.4283,7.3,15.0,Moderate Relationship,Moderate co-purchase tendency. A higher 15% bundle discount actively stimulates cross-selling and raises average basket size.
LUNCH BAG BLACK SKULL. + LUNCH BAG CARS BLUE,2,LUNCH BAG CARS BLUE,LUNCH BAG BLACK SKULL.,0.0221,0.4277,7.29,15.0,Moderate Relationship,Moderate co-purchase tendency. A higher 15% bundle discount actively stimulates cross-selling and raises average basket size.
PACK OF 60 DINOSAUR CAKE CASES + PACK OF 72 RETROSPOT CAKE CASES,2,PACK OF 60 DINOSAUR CAKE CASES,PACK OF 72 RETROSPOT CAKE CASES,0.0101,0.3108,7.29,15.0,Moderate Relationship,Moderate co-purchase tendency. A higher 15% bundle discount actively stimulates cross-selling and raises average basket size.
HOT WATER BOTTLE TEA AND SYMPATHY + SCOTTIE DOG HOT WATER BOTTLE,2,HOT WATER BOTTLE TEA AND SYMPATHY,SCOTTIE DOG HOT WATER BOTTLE,0.0121,0.307,7.28,15.0,Moderate Relationship,Moderate co-purchase tendency. A higher 15% bundle discount actively stimulates cross-selling and raises average basket size.
JUMBO BAG OWLS + JUMBO BAG STRAWBERRY,2,JUMBO BAG OWLS,JUMBO BAG STRAWBERRY,0.011,0.3364,7.27,15.0,Moderate Relationship,Moderate co-purchase tendency. A higher 15% bundle discount actively stimulates cross-selling and raises average basket size.
LUNCH BAG BLACK SKULL. + LUNCH BAG SUKI DESIGN,2,LUNCH BAG BLACK SKULL.,LUNCH BAG SUKI DESIGN,0.025,0.4266,7.24,15.0,Moderate Relationship,Moderate co-purchase tendency. A higher 15% bundle discount actively stimulates cross-selling and raises average basket size.
LUNCH BAG PINK POLKADOT + LUNCH BAG SUKI DESIGN,2,LUNCH BAG PINK POLKADOT,LUNCH BAG SUKI DESIGN,0.0136,0.4262,7.23,15.0,Moderate Relationship,Moderate co-purchase tendency. A higher 15% bundle discount actively stimulates cross-selling and raises average basket size.
PACK OF 60 PINK PAISLEY CAKE CASES + PACK OF 72 SKULL CAKE CASES,2,PACK OF 72 SKULL CAKE CASES,PACK OF 60 PINK PAISLEY CAKE CASES,0.0132,0.3579,7.2,15.0,Moderate Relationship,Moderate co-purchase tendency. A higher 15% bundle discount actively stimulates cross-selling and raises average basket size.
LUNCH BAG BLACK SKULL. + LUNCH BAG SPACEBOY DESIGN,2,LUNCH BAG SPACEBOY DESIGN,LUNCH BAG BLACK SKULL.,0.0222,0.4213,7.18,15.0,Moderate Relationship,Moderate co-purchase tendency. A higher 15% bundle discount actively stimulates cross-selling and raises average basket size.
JUMBO BAG BAROQUE BLACK WHITE + JUMBO STORAGE BAG SUKI,2,JUMBO BAG BAROQUE BLACK WHITE,JUMBO STORAGE BAG SUKI,0.0196,0.4175,7.18,15.0,Moderate Relationship,Moderate co-purchase tendency. A higher 15% bundle discount actively stimulates cross-selling and raises average basket size.
LUNCH BAG SUKI DESIGN + LUNCH BAG WOODLAND,2,LUNCH BAG WOODLAND,LUNCH BAG SUKI DESIGN,0.0203,0.4216,7.15,15.0,Moderate Relationship,Moderate co-purchase tendency. A higher 15% bundle discount actively stimulates cross-selling and raises average basket size.
JUMBO BAG PINK POLKADOT + JUMBO STORAGE BAG SUKI,2,JUMBO BAG PINK POLKADOT,JUMBO STORAGE BAG SUKI,0.0149,0.4137,7.12,15.0,Moderate Relationship,Moderate co-purchase tendency. A higher 15% bundle discount actively stimulates cross-selling and raises average basket size.
JUMBO SHOPPER VINTAGE RED PAISLEY + JUMBO STORAGE BAG SUKI,2,JUMBO SHOPPER VINTAGE RED PAISLEY,JUMBO STORAGE BAG SUKI,0.0224,0.4092,7.04,15.0,Moderate Relationship,Moderate co-purchase tendency. A higher 15% bundle discount actively stimulates cross-selling and raises average basket size.
LUNCH BAG RED RETROSPOT + LUNCH BAG WOODLAND,2,LUNCH BAG RED RETROSPOT,LUNCH BAG WOODLAND,0.0155,0.3375,7.02,15.0,Moderate Relationship,Moderate co-purchase tendency. A higher 15% bundle discount actively stimulates cross-selling and raises average basket size.
LUNCH BAG RED SPOTTY + LUNCH BAG WOODLAND,2,LUNCH BAG RED SPOTTY,LUNCH BAG WOODLAND,0.0102,0.3363,7.0,15.0,Moderate Relationship,Moderate co-purchase tendency. A higher 15% bundle discount actively stimulates cross-selling and raises average basket size.
LUNCH BAG BLACK SKULL. + LUNCH BAG RED RETROSPOT,2,LUNCH BAG RED RETROSPOT,LUNCH BAG BLACK SKULL.,0.0188,0.4099,6.99,15.0,Moderate Relationship,Moderate co-purchase tendency. A higher 15% bundle discount actively stimulates cross-selling and raises average basket size.
JUMBO BAG STRAWBERRY + JUMBO STORAGE BAG SUKI,2,JUMBO BAG STRAWBERRY,JUMBO STORAGE BAG SUKI,0.0188,0.4065,6.99,15.0,Moderate Relationship,Moderate co-purchase tendency. A higher 15% bundle discount actively stimulates cross-selling and raises average basket size.
JUMBO BAG STRAWBERRY + JUMBO STORAGE BAG SKULLS,2,JUMBO STORAGE BAG SKULLS,JUMBO BAG STRAWBERRY,0.0106,0.3225,6.97,15.0,Moderate Relationship,Moderate co-purchase tendency. A higher 15% bundle discount actively stimulates cross-selling and raises average basket size.
LUNCH BAG RED RETROSPOT + LUNCH BAG SUKI DESIGN,2,LUNCH BAG RED RETROSPOT,LUNCH BAG SUKI DESIGN,0.0188,0.4105,6.96,15.0,Moderate Relationship,Moderate co-purchase tendency. A higher 15% bundle discount actively stimulates cross-selling and raises average basket size.
JUMBO BAG PINK VINTAGE PAISLEY + JUMBO STORAGE BAG SUKI,2,JUMBO BAG PINK VINTAGE PAISLEY,JUMBO STORAGE BAG SUKI,0.0163,0.4046,6.96,15.0,Moderate Relationship,Moderate co-purchase tendency. A higher 15% bundle discount actively stimulates cross-selling and raises average basket size.
JUMBO BAG BAROQUE BLACK WHITE + JUMBO SHOPPER VINTAGE RED PAISLEY,2,JUMBO BAG BAROQUE BLACK WHITE,JUMBO SHOPPER VINTAGE RED PAISLEY,0.0178,0.3807,6.96,15.0,Moderate Relationship,Moderate co-purchase tendency. A higher 15% bundle discount actively stimulates cross-selling and raises average basket size.
JUMBO BAG WOODLAND ANIMALS + JUMBO SHOPPER VINTAGE RED PAISLEY,2,JUMBO BAG WOODLAND ANIMALS,JUMBO SHOPPER VINTAGE RED PAISLEY,0.0134,0.3802,6.95,15.0,Moderate Relationship,Moderate co-purchase tendency. A higher 15% bundle discount actively stimulates cross-selling and raises average basket size.
JUMBO SHOPPER VINTAGE RED PAISLEY + JUMBO STORAGE BAG SKULLS,2,JUMBO STORAGE BAG SKULLS,JUMBO SHOPPER VINTAGE RED PAISLEY,0.0125,0.3785,6.92,15.0,Moderate Relationship,Moderate co-purchase tendency. A higher 15% bundle discount actively stimulates cross-selling and raises average basket size.
DOTCOM POSTAGE + JUMBO STORAGE BAG SUKI,2,DOTCOM POSTAGE,JUMBO STORAGE BAG SUKI,0.0141,0.3986,6.86,15.0,Moderate Relationship,Moderate co-purchase tendency. A higher 15% bundle discount actively stimulates cross-selling and raises average basket size.
JUMBO BAG APPLES + JUMBO BAG RED RETROSPOT,2,JUMBO BAG APPLES,JUMBO BAG RED RETROSPOT,0.0136,0.5583,6.84,10.0,Strong Relationship,Solid co-purchase affinity. A 10% promotional bundle discount incentivizes customers who might otherwise purchase only the primary item.
JUMBO BAG PINK POLKADOT + JUMBO SHOPPER VINTAGE RED PAISLEY,2,JUMBO BAG PINK POLKADOT,JUMBO SHOPPER VINTAGE RED PAISLEY,0.0135,0.3742,6.84,15.0,Moderate Relationship,Moderate co-purchase tendency. A higher 15% bundle discount actively stimulates cross-selling and raises average basket size.
LUNCH BAG APPLE DESIGN + LUNCH BAG BLACK SKULL.,2,LUNCH BAG APPLE DESIGN,LUNCH BAG BLACK SKULL.,0.0104,0.4006,6.83,15.0,Moderate Relationship,Moderate co-purchase tendency. A higher 15% bundle discount actively stimulates cross-selling and raises average basket size.
JUMBO BAG BAROQUE BLACK WHITE + JUMBO BAG PINK VINTAGE PAISLEY,2,JUMBO BAG PINK VINTAGE PAISLEY,JUMBO BAG BAROQUE BLACK WHITE,0.0129,0.32,6.83,15.0,Moderate Relationship,Moderate co-purchase tendency. A higher 15% bundle discount actively stimulates cross-selling and raises average basket size.
PACK OF 60 PINK PAISLEY CAKE CASES + PACK OF 72 RETROSPOT CAKE CASES,2,PACK OF 72 RETROSPOT CAKE CASES,PACK OF 60 PINK PAISLEY CAKE CASES,0.0144,0.3378,6.79,15.0,Moderate Relationship,Moderate co-purchase tendency. A higher 15% bundle discount actively stimulates cross-selling and raises average basket size.
LUNCH BAG CARS BLUE + LUNCH BAG RED RETROSPOT,2,LUNCH BAG RED RETROSPOT,LUNCH BAG CARS BLUE,0.016,0.3495,6.78,15.0,Moderate Relationship,Moderate co-purchase tendency. A higher 15% bundle discount actively stimulates cross-selling and raises average basket size.
JUMBO BAG BAROQUE BLACK WHITE + JUMBO BAG WOODLAND ANIMALS,2,JUMBO BAG WOODLAND ANIMALS,JUMBO BAG BAROQUE BLACK WHITE,0.011,0.3124,6.67,15.0,Moderate Relationship,Moderate co-purchase tendency. A higher 15% bundle discount actively stimulates cross-selling and raises average basket size.
LUNCH BAG RED RETROSPOT + LUNCH BAG SPACEBOY DESIGN,2,LUNCH BAG RED RETROSPOT,LUNCH BAG SPACEBOY DESIGN,0.0159,0.3478,6.61,15.0,Moderate Relationship,Moderate co-purchase tendency. A higher 15% bundle discount actively stimulates cross-selling and raises average basket size.
LUNCH BAG WOODLAND + WOODLAND CHARLOTTE BAG,2,WOODLAND CHARLOTTE BAG,LUNCH BAG WOODLAND,0.0124,0.316,6.57,15.0,Moderate Relationship,Moderate co-purchase tendency. A higher 15% bundle discount actively stimulates cross-selling and raises average basket size.
60 TEATIME FAIRY CAKE CASES + PACK OF 72 RETROSPOT CAKE CASES,2,PACK OF 72 RETROSPOT CAKE CASES,60 TEATIME FAIRY CAKE CASES,0.0148,0.3478,6.55,15.0,Moderate Relationship,Moderate co-purchase tendency. A higher 15% bundle discount actively stimulates cross-selling and raises average basket size.
LUNCH BAG CARS BLUE + LUNCH BAG RED SPOTTY,2,LUNCH BAG RED SPOTTY,LUNCH BAG CARS BLUE,0.0101,0.3314,6.43,15.0,Moderate Relationship,Moderate co-purchase tendency. A higher 15% bundle discount actively stimulates cross-selling and raises average basket size.
PARTY BUNTING + SPOTTY BUNTING,2,SPOTTY BUNTING,PARTY BUNTING,0.0121,0.4237,6.35,15.0,Moderate Relationship,Moderate co-purchase tendency. A higher 15% bundle discount actively stimulates cross-selling and raises average basket size.
JUMBO BAG OWLS + JUMBO SHOPPER VINTAGE RED PAISLEY,2,JUMBO BAG OWLS,JUMBO SHOPPER VINTAGE RED PAISLEY,0.0114,0.3463,6.33,15.0,Moderate Relationship,Moderate co-purchase tendency. A higher 15% bundle discount actively stimulates cross-selling and raises average basket size.
CHARLOTTE BAG SUKI DESIGN + LUNCH BAG SUKI DESIGN,2,CHARLOTTE BAG SUKI DESIGN,LUNCH BAG SUKI DESIGN,0.013,0.3706,6.29,15.0,Moderate Relationship,Moderate co-purchase tendency. A higher 15% bundle discount actively stimulates cross-selling and raises average basket size.
LUNCH BAG BLACK SKULL. + LUNCH BAG RED SPOTTY,2,LUNCH BAG RED SPOTTY,LUNCH BAG BLACK SKULL.,0.0112,0.3683,6.28,15.0,Moderate Relationship,Moderate co-purchase tendency. A higher 15% bundle discount actively stimulates cross-selling and raises average basket size.
JUMBO BAG RED RETROSPOT + JUMBO BAG SPACEBOY DESIGN,2,JUMBO BAG SPACEBOY DESIGN,JUMBO BAG RED RETROSPOT,0.0157,0.504,6.18,10.0,Strong Relationship,Solid co-purchase affinity. A 10% promotional bundle discount incentivizes customers who might otherwise purchase only the primary item.
JUMBO BAG RED RETROSPOT + JUMBO BAG WOODLAND ANIMALS,2,JUMBO BAG WOODLAND ANIMALS,JUMBO BAG RED RETROSPOT,0.0177,0.5018,6.15,10.0,Strong Relationship,Solid co-purchase affinity. A 10% promotional bundle discount incentivizes customers who might otherwise purchase only the primary item.
JUMBO BAG RED RETROSPOT + JUMBO BAG STRAWBERRY,2,JUMBO BAG STRAWBERRY,JUMBO BAG RED RETROSPOT,0.0231,0.4987,6.11,15.0,Moderate Relationship,Moderate co-purchase tendency. A higher 15% bundle discount actively stimulates cross-selling and raises average basket size.
JUMBO BAG RED RETROSPOT + JUMBO BAG TOYS,2,JUMBO BAG TOYS,JUMBO BAG RED RETROSPOT,0.0129,0.4905,6.01,15.0,Moderate Relationship,Moderate co-purchase tendency. A higher 15% bundle discount actively stimulates cross-selling and raises average basket size.
JUMBO BAG BAROQUE BLACK WHITE + JUMBO BAG RED RETROSPOT,2,JUMBO BAG BAROQUE BLACK WHITE,JUMBO BAG RED RETROSPOT,0.0229,0.4878,5.98,15.0,Moderate Relationship,Moderate co-purchase tendency. A higher 15% bundle discount actively stimulates cross-selling and raises average basket size.
JUMBO STORAGE BAG SKULLS + LUNCH BAG BLACK SKULL.,2,JUMBO STORAGE BAG SKULLS,LUNCH BAG BLACK SKULL.,0.0115,0.349,5.95,15.0,Moderate Relationship,Moderate co-purchase tendency. A higher 15% bundle discount actively stimulates cross-selling and raises average basket size.
JUMBO BAG RED RETROSPOT + JUMBO BAG VINTAGE LEAF,2,JUMBO BAG VINTAGE LEAF,JUMBO BAG RED RETROSPOT,0.0106,0.4835,5.93,15.0,Moderate Relationship,Moderate co-purchase tendency. A higher 15% bundle discount actively stimulates cross-selling and raises average basket size.
LUNCH BAG CARS BLUE + STRAWBERRY CHARLOTTE BAG,2,STRAWBERRY CHARLOTTE BAG,LUNCH BAG CARS BLUE,0.0105,0.3038,5.89,15.0,Moderate Relationship,Moderate co-purchase tendency. A higher 15% bundle discount actively stimulates cross-selling and raises average basket size.
DOTCOM POSTAGE + JUMBO SHOPPER VINTAGE RED PAISLEY,2,DOTCOM POSTAGE,JUMBO SHOPPER VINTAGE RED PAISLEY,0.0114,0.3216,5.88,15.0,Moderate Relationship,Moderate co-purchase tendency. A higher 15% bundle discount actively stimulates cross-selling and raises average basket size.
CHARLOTTE BAG SUKI DESIGN + JUMBO STORAGE BAG SUKI,2,CHARLOTTE BAG SUKI DESIGN,JUMBO STORAGE BAG SUKI,0.0119,0.3407,5.86,15.0,Moderate Relationship,Moderate co-purchase tendency. A higher 15% bundle discount actively stimulates cross-selling and raises average basket size.
JUMBO BAG PINK VINTAGE PAISLEY + JUMBO BAG RED RETROSPOT,2,JUMBO BAG PINK VINTAGE PAISLEY,JUMBO BAG RED RETROSPOT,0.019,0.4713,5.78,15.0,Moderate Relationship,Moderate co-purchase tendency. A higher 15% bundle discount actively stimulates cross-selling and raises average basket size.
JUMBO BAG RED RETROSPOT + JUMBO STORAGE BAG SUKI,2,JUMBO STORAGE BAG SUKI,JUMBO BAG RED RETROSPOT,0.0273,0.4706,5.77,15.0,Moderate Relationship,Moderate co-purchase tendency. A higher 15% bundle discount actively stimulates cross-selling and raises average basket size.
JUMBO BAG RED RETROSPOT + JUMBO STORAGE BAG SKULLS,2,JUMBO STORAGE BAG SKULLS,JUMBO BAG RED RETROSPOT,0.0155,0.4693,5.75,15.0,Moderate Relationship,Moderate co-purchase tendency. A higher 15% bundle discount actively stimulates cross-selling and raises average basket size.
JUMBO BAG OWLS + JUMBO BAG RED RETROSPOT,2,JUMBO BAG OWLS,JUMBO BAG RED RETROSPOT,0.0154,0.4688,5.75,15.0,Moderate Relationship,Moderate co-purchase tendency. A higher 15% bundle discount actively stimulates cross-selling and raises average basket size.
LUNCH BAG RED SPOTTY + LUNCH BAG SUKI DESIGN,2,LUNCH BAG RED SPOTTY,LUNCH BAG SUKI DESIGN,0.0102,0.3355,5.69,15.0,Moderate Relationship,Moderate co-purchase tendency. A higher 15% bundle discount actively stimulates cross-selling and raises average basket size.
JUMBO BAG STRAWBERRY + JUMBO SHOPPER VINTAGE RED PAISLEY,2,JUMBO BAG STRAWBERRY,JUMBO SHOPPER VINTAGE RED PAISLEY,0.0144,0.3105,5.68,15.0,Moderate Relationship,Moderate co-purchase tendency. A higher 15% bundle discount actively stimulates cross-selling and raises average basket size.
JUMBO BAG RED RETROSPOT + JUMBO SHOPPER VINTAGE RED PAISLEY,2,JUMBO SHOPPER VINTAGE RED PAISLEY,JUMBO BAG RED RETROSPOT,0.0252,0.4599,5.64,15.0,Moderate Relationship,Moderate co-purchase tendency. A higher 15% bundle discount actively stimulates cross-selling and raises average basket size.
LUNCH BAG BLACK SKULL. + RED RETROSPOT CHARLOTTE BAG,2,RED RETROSPOT CHARLOTTE BAG,LUNCH BAG BLACK SKULL.,0.0103,0.3299,5.62,15.0,Moderate Relationship,Moderate co-purchase tendency. A higher 15% bundle discount actively stimulates cross-selling and raises average basket size.
JUMBO BAG ALPHABET + JUMBO BAG RED RETROSPOT,2,JUMBO BAG ALPHABET,JUMBO BAG RED RETROSPOT,0.0103,0.457,5.6,15.0,Moderate Relationship,Moderate co-purchase tendency. A higher 15% bundle discount actively stimulates cross-selling and raises average basket size.
LUNCH BAG BLACK SKULL. + STRAWBERRY CHARLOTTE BAG,2,STRAWBERRY CHARLOTTE BAG,LUNCH BAG BLACK SKULL.,0.0112,0.3256,5.55,15.0,Moderate Relationship,Moderate co-purchase tendency. A higher 15% bundle discount actively stimulates cross-selling and raises average basket size.
PINK REGENCY TEACUP AND SAUCER + REGENCY CAKESTAND 3 TIER,2,PINK REGENCY TEACUP AND SAUCER,REGENCY CAKESTAND 3 TIER,0.0137,0.5361,5.48,10.0,Strong Relationship,Solid co-purchase affinity. A 10% promotional bundle discount incentivizes customers who might otherwise purchase only the primary item.
DOTCOM POSTAGE + JUMBO BAG RED RETROSPOT,2,DOTCOM POSTAGE,JUMBO BAG RED RETROSPOT,0.0158,0.4466,5.48,15.0,Moderate Relationship,Moderate co-purchase tendency. A higher 15% bundle discount actively stimulates cross-selling and raises average basket size.
JUMBO STORAGE BAG SUKI + RECYCLING BAG RETROSPOT,2,RECYCLING BAG RETROSPOT,JUMBO STORAGE BAG SUKI,0.0124,0.3166,5.45,15.0,Moderate Relationship,Moderate co-purchase tendency. A higher 15% bundle discount actively stimulates cross-selling and raises average basket size.
GREEN REGENCY TEACUP AND SAUCER + REGENCY CAKESTAND 3 TIER,2,GREEN REGENCY TEACUP AND SAUCER,REGENCY CAKESTAND 3 TIER,0.0178,0.5313,5.44,10.0,Strong Relationship,Solid co-purchase affinity. A 10% promotional bundle discount incentivizes customers who might otherwise purchase only the primary item.
CHARLOTTE BAG SUKI DESIGN + LUNCH BAG BLACK SKULL.,2,CHARLOTTE BAG SUKI DESIGN,LUNCH BAG BLACK SKULL.,0.0112,0.3186,5.43,15.0,Moderate Relationship,Moderate co-purchase tendency. A higher 15% bundle discount actively stimulates cross-selling and raises average basket size.
REGENCY CAKESTAND 3 TIER + ROSES REGENCY TEACUP AND SAUCER,2,ROSES REGENCY TEACUP AND SAUCER,REGENCY CAKESTAND 3 TIER,0.0184,0.522,5.34,10.0,Strong Relationship,Solid co-purchase affinity. A 10% promotional bundle discount incentivizes customers who might otherwise purchase only the primary item.
LUNCH BAG SUKI DESIGN + STRAWBERRY CHARLOTTE BAG,2,STRAWBERRY CHARLOTTE BAG,LUNCH BAG SUKI DESIGN,0.0108,0.314,5.33,15.0,Moderate Relationship,Moderate co-purchase tendency. A higher 15% bundle discount actively stimulates cross-selling and raises average basket size.
DOTCOM POSTAGE + STRAWBERRY CERAMIC TRINKET BOX,2,DOTCOM POSTAGE,STRAWBERRY CERAMIC TRINKET BOX,0.0107,0.3025,5.25,15.0,Moderate Relationship,Moderate co-purchase tendency. A higher 15% bundle discount actively stimulates cross-selling and raises average basket size.
JUMBO STORAGE BAG SUKI + LUNCH BAG SUKI DESIGN,2,JUMBO STORAGE BAG SUKI,LUNCH BAG SUKI DESIGN,0.0179,0.3074,5.21,15.0,Moderate Relationship,Moderate co-purchase tendency. A higher 15% bundle discount actively stimulates cross-selling and raises average basket size.
CANDLEHOLDER PINK HANGING HEART + WHITE HANGING HEART T-LIGHT HOLDER,2,CANDLEHOLDER PINK HANGING HEART,WHITE HANGING HEART T-LIGHT HOLDER,0.0105,0.7071,5.19,5.0,Very Strong Relationship,"Extremely high organic co-purchase affinity. Customers already buy these items together reliably; therefore, a modest 5% discount is sufficient to formalize the bundle without needlessly sacrificing margin."
RED HANGING HEART T-LIGHT HOLDER + WHITE HANGING HEART T-LIGHT HOLDER,2,RED HANGING HEART T-LIGHT HOLDER,WHITE HANGING HEART T-LIGHT HOLDER,0.0309,0.7045,5.18,5.0,Very Strong Relationship,"Extremely high organic co-purchase affinity. Customers already buy these items together reliably; therefore, a modest 5% discount is sufficient to formalize the bundle without needlessly sacrificing margin."
DOTCOM POSTAGE + PARTY BUNTING,2,DOTCOM POSTAGE,PARTY BUNTING,0.0122,0.3456,5.18,15.0,Moderate Relationship,Moderate co-purchase tendency. A higher 15% bundle discount actively stimulates cross-selling and raises average basket size.
JUMBO BAG RED RETROSPOT + RED RETROSPOT CHARLOTTE BAG,2,RED RETROSPOT CHARLOTTE BAG,JUMBO BAG RED RETROSPOT,0.0127,0.4056,4.97,15.0,Moderate Relationship,Moderate co-purchase tendency. A higher 15% bundle discount actively stimulates cross-selling and raises average basket size.
JUMBO BAG RED RETROSPOT + RECYCLING BAG RETROSPOT,2,RECYCLING BAG RETROSPOT,JUMBO BAG RED RETROSPOT,0.0156,0.3981,4.88,15.0,Moderate Relationship,Moderate co-purchase tendency. A higher 15% bundle discount actively stimulates cross-selling and raises average basket size.
JUMBO BAG RED RETROSPOT + LUNCH BAG RED RETROSPOT,2,LUNCH BAG RED RETROSPOT,JUMBO BAG RED RETROSPOT,0.0173,0.3778,4.63,15.0,Moderate Relationship,Moderate co-purchase tendency. A higher 15% bundle discount actively stimulates cross-selling and raises average basket size.
CHARLOTTE BAG SUKI DESIGN + JUMBO BAG RED RETROSPOT,2,CHARLOTTE BAG SUKI DESIGN,JUMBO BAG RED RETROSPOT,0.0124,0.3535,4.33,15.0,Moderate Relationship,Moderate co-purchase tendency. A higher 15% bundle discount actively stimulates cross-selling and raises average basket size.
JUMBO BAG RED RETROSPOT + LUNCH BAG PINK POLKADOT,2,LUNCH BAG PINK POLKADOT,JUMBO BAG RED RETROSPOT,0.0106,0.3326,4.08,15.0,Moderate Relationship,Moderate co-purchase tendency. A higher 15% bundle discount actively stimulates cross-selling and raises average basket size.
RED RETROSPOT CAKE STAND + REGENCY CAKESTAND 3 TIER,2,RED RETROSPOT CAKE STAND,REGENCY CAKESTAND 3 TIER,0.0111,0.3757,3.84,15.0,Moderate Relationship,Moderate co-purchase tendency. A higher 15% bundle discount actively stimulates cross-selling and raises average basket size.
DOTCOM POSTAGE + REGENCY CAKESTAND 3 TIER,2,DOTCOM POSTAGE,REGENCY CAKESTAND 3 TIER,0.0118,0.335,3.43,15.0,Moderate Relationship,Moderate co-purchase tendency. A higher 15% bundle discount actively stimulates cross-selling and raises average basket size.
HEART IVORY TRELLIS SMALL + WHITE HANGING HEART T-LIGHT HOLDER,2,HEART IVORY TRELLIS SMALL,WHITE HANGING HEART T-LIGHT HOLDER,0.011,0.453,3.33,15.0,Moderate Relationship,Moderate co-purchase tendency. A higher 15% bundle discount actively stimulates cross-selling and raises average basket size.
LOVEBIRD HANGING DECORATION WHITE + WHITE HANGING HEART T-LIGHT HOLDER,2,LOVEBIRD HANGING DECORATION WHITE,WHITE HANGING HEART T-LIGHT HOLDER,0.013,0.4526,3.32,15.0,Moderate Relationship,Moderate co-purchase tendency. A higher 15% bundle discount actively stimulates cross-selling and raises average basket size.
CREAM HEART CARD HOLDER + WHITE HANGING HEART T-LIGHT HOLDER,2,CREAM HEART CARD HOLDER,WHITE HANGING HEART T-LIGHT HOLDER,0.0145,0.4473,3.29,15.0,Moderate Relationship,Moderate co-purchase tendency. A higher 15% bundle discount actively stimulates cross-selling and raises average basket size.
WHITE HANGING HEART T-LIGHT HOLDER + ZINC METAL HEART DECORATION,2,ZINC METAL HEART DECORATION,WHITE HANGING HEART T-LIGHT HOLDER,0.0147,0.419,3.08,15.0,Moderate Relationship,Moderate co-purchase tendency. A higher 15% bundle discount actively stimulates cross-selling and raises average basket size.
WHITE HANGING HEART T-LIGHT HOLDER + WOODEN PICTURE FRAME WHITE FINISH,2,WOODEN PICTURE FRAME WHITE FINISH,WHITE HANGING HEART T-LIGHT HOLDER,0.0208,0.4153,3.05,15.0,Moderate Relationship,Moderate co-purchase tendency. A higher 15% bundle discount actively stimulates cross-selling and raises average basket size.
WHITE HANGING HEART T-LIGHT HOLDER + WOOD 2 DRAWER CABINET WHITE FINISH,2,WOOD 2 DRAWER CABINET WHITE FINISH,WHITE HANGING HEART T-LIGHT HOLDER,0.0115,0.4087,3.0,15.0,Moderate Relationship,Moderate co-purchase tendency. A higher 15% bundle discount actively stimulates cross-selling and raises average basket size.
WHITE HANGING HEART T-LIGHT HOLDER + WOODEN FRAME ANTIQUE WHITE,2,WOODEN FRAME ANTIQUE WHITE,WHITE HANGING HEART T-LIGHT HOLDER,0.0209,0.4075,2.99,15.0,Moderate Relationship,Moderate co-purchase tendency. A higher 15% bundle discount actively stimulates cross-selling and raises average basket size.
METAL 4 HOOK HANGER FRENCH CHATEAU + WHITE HANGING HEART T-LIGHT HOLDER,2,METAL 4 HOOK HANGER FRENCH CHATEAU,WHITE HANGING HEART T-LIGHT HOLDER,0.0101,0.4042,2.97,15.0,Moderate Relationship,Moderate co-purchase tendency. A higher 15% bundle discount actively stimulates cross-selling and raises average basket size.
WHITE HANGING HEART T-LIGHT HOLDER + WOOD S/3 CABINET ANT WHITE FINISH,2,WOOD S/3 CABINET ANT WHITE FINISH,WHITE HANGING HEART T-LIGHT HOLDER,0.0107,0.3993,2.93,15.0,Moderate Relationship,Moderate co-purchase tendency. A higher 15% bundle discount actively stimulates cross-selling and raises average basket size.
SINGLE HEART ZINC T-LIGHT HOLDER + WHITE HANGING HEART T-LIGHT HOLDER,2,SINGLE HEART ZINC T-LIGHT HOLDER,WHITE HANGING HEART T-LIGHT HOLDER,0.0113,0.3965,2.91,15.0,Moderate Relationship,Moderate co-purchase tendency. A higher 15% bundle discount actively stimulates cross-selling and raises average basket size.
LOVE BUILDING BLOCK WORD + WHITE HANGING HEART T-LIGHT HOLDER,2,LOVE BUILDING BLOCK WORD,WHITE HANGING HEART T-LIGHT HOLDER,0.0168,0.3962,2.91,15.0,Moderate Relationship,Moderate co-purchase tendency. A higher 15% bundle discount actively stimulates cross-selling and raises average basket size.
HEART OF WICKER LARGE + WHITE HANGING HEART T-LIGHT HOLDER,2,HEART OF WICKER LARGE,WHITE HANGING HEART T-LIGHT HOLDER,0.0191,0.3914,2.88,15.0,Moderate Relationship,Moderate co-purchase tendency. A higher 15% bundle discount actively stimulates cross-selling and raises average basket size.
HANGING HEART ZINC T-LIGHT HOLDER + WHITE HANGING HEART T-LIGHT HOLDER,2,HANGING HEART ZINC T-LIGHT HOLDER,WHITE HANGING HEART T-LIGHT HOLDER,0.0147,0.3867,2.84,15.0,Moderate Relationship,Moderate co-purchase tendency. A higher 15% bundle discount actively stimulates cross-selling and raises average basket size.
BATHROOM METAL SIGN + WHITE HANGING HEART T-LIGHT HOLDER,2,BATHROOM METAL SIGN,WHITE HANGING HEART T-LIGHT HOLDER,0.0136,0.3631,2.67,15.0,Moderate Relationship,Moderate co-purchase tendency. A higher 15% bundle discount actively stimulates cross-selling and raises average basket size.
HEART OF WICKER SMALL + WHITE HANGING HEART T-LIGHT HOLDER,2,HEART OF WICKER SMALL,WHITE HANGING HEART T-LIGHT HOLDER,0.0195,0.3626,2.66,15.0,Moderate Relationship,Moderate co-purchase tendency. A higher 15% bundle discount actively stimulates cross-selling and raises average basket size.
HANGING HEART JAR T-LIGHT HOLDER + WHITE HANGING HEART T-LIGHT HOLDER,2,HANGING HEART JAR T-LIGHT HOLDER,WHITE HANGING HEART T-LIGHT HOLDER,0.0128,0.3607,2.65,15.0,Moderate Relationship,Moderate co-purchase tendency. A higher 15% bundle discount actively stimulates cross-selling and raises average basket size.
DOTCOM POSTAGE + WHITE HANGING HEART T-LIGHT HOLDER,2,DOTCOM POSTAGE,WHITE HANGING HEART T-LIGHT HOLDER,0.0127,0.3604,2.65,15.0,Moderate Relationship,Moderate co-purchase tendency. A higher 15% bundle discount actively stimulates cross-selling and raises average basket size.
HOME BUILDING BLOCK WORD + WHITE HANGING HEART T-LIGHT HOLDER,2,HOME BUILDING BLOCK WORD,WHITE HANGING HEART T-LIGHT HOLDER,0.0185,0.3596,2.64,15.0,Moderate Relationship,Moderate co-purchase tendency. A higher 15% bundle discount actively stimulates cross-selling and raises average basket size.
POTTERING IN THE SHED METAL SIGN + WHITE HANGING HEART T-LIGHT HOLDER,2,POTTERING IN THE SHED METAL SIGN,WHITE HANGING HEART T-LIGHT HOLDER,0.0102,0.3595,2.64,15.0,Moderate Relationship,Moderate co-purchase tendency. A higher 15% bundle discount actively stimulates cross-selling and raises average basket size.
NATURAL SLATE HEART CHALKBOARD + WHITE HANGING HEART T-LIGHT HOLDER,2,NATURAL SLATE HEART CHALKBOARD,WHITE HANGING HEART T-LIGHT HOLDER,0.0176,0.3446,2.53,15.0,Moderate Relationship,Moderate co-purchase tendency. A higher 15% bundle discount actively stimulates cross-selling and raises average basket size.
SWEETHEART CERAMIC TRINKET BOX + WHITE HANGING HEART T-LIGHT HOLDER,2,SWEETHEART CERAMIC TRINKET BOX,WHITE HANGING HEART T-LIGHT HOLDER,0.0122,0.33,2.42,15.0,Moderate Relationship,Moderate co-purchase tendency. A higher 15% bundle discount actively stimulates cross-selling and raises average basket size.
GIN + TONIC DIET METAL SIGN + WHITE HANGING HEART T-LIGHT HOLDER,2,GIN + TONIC DIET METAL SIGN,WHITE HANGING HEART T-LIGHT HOLDER,0.0131,0.3269,2.4,15.0,Moderate Relationship,Moderate co-purchase tendency. A higher 15% bundle discount actively stimulates cross-selling and raises average basket size.
VICTORIAN GLASS HANGING T-LIGHT + WHITE HANGING HEART T-LIGHT HOLDER,2,VICTORIAN GLASS HANGING T-LIGHT,WHITE HANGING HEART T-LIGHT HOLDER,0.0146,0.3221,2.37,15.0,Moderate Relationship,Moderate co-purchase tendency. A higher 15% bundle discount actively stimulates cross-selling and raises average basket size.
HAND OVER THE CHOCOLATE SIGN + WHITE HANGING HEART T-LIGHT HOLDER,2,HAND OVER THE CHOCOLATE SIGN,WHITE HANGING HEART T-LIGHT HOLDER,0.0116,0.3192,2.34,15.0,Moderate Relationship,Moderate co-purchase tendency. A higher 15% bundle discount actively stimulates cross-selling and raises average basket size.
PLEASE ONE PERSON METAL SIGN + WHITE HANGING HEART T-LIGHT HOLDER,2,PLEASE ONE PERSON METAL SIGN,WHITE HANGING HEART T-LIGHT HOLDER,0.0144,0.3182,2.34,15.0,Moderate Relationship,Moderate co-purchase tendency. A higher 15% bundle discount actively stimulates cross-selling and raises average basket size.
STRAWBERRY CERAMIC TRINKET BOX + WHITE HANGING HEART T-LIGHT HOLDER,2,STRAWBERRY CERAMIC TRINKET BOX,WHITE HANGING HEART T-LIGHT HOLDER,0.0181,0.3139,2.31,15.0,Moderate Relationship,Moderate co-purchase tendency. A higher 15% bundle discount actively stimulates cross-selling and raises average basket size.
72 SWEETHEART FAIRY CAKE CASES + WHITE HANGING HEART T-LIGHT HOLDER,2,72 SWEETHEART FAIRY CAKE CASES,WHITE HANGING HEART T-LIGHT HOLDER,0.0112,0.3062,2.25,15.0,Moderate Relationship,Moderate co-purchase tendency. A higher 15% bundle discount actively stimulates cross-selling and raises average basket size.
COOK WITH WINE METAL SIGN + WHITE HANGING HEART T-LIGHT HOLDER,2,COOK WITH WINE METAL SIGN,WHITE HANGING HEART T-LIGHT HOLDER,0.0109,0.306,2.25,15.0,Moderate Relationship,Moderate co-purchase tendency. A higher 15% bundle discount actively stimulates cross-selling and raises average basket size.
