support,itemsets,length
0.13799994940423488,WHITE HANGING HEART T-LIGHT HOLDER,1
0.0991171038984037,REGENCY CAKESTAND 3 TIER,1
0.082698778112272,JUMBO BAG RED RETROSPOT,1
0.07101115636621215,ASSORTED COLOUR BIRD ORNAMENT,1
0.06764653798477067,PARTY BUNTING,1
0.059778896506362415,LUNCH BAG SUKI DESIGN,1
0.05947532191555567,LUNCH BAG BLACK SKULL.,1
0.05891876849907663,JUMBO STORAGE BAG SUKI,1
0.058438108730299275,STRAWBERRY CERAMIC TRINKET BOX,1
0.055452958587366236,JUMBO SHOPPER VINTAGE RED PAISLEY,1
0.05441574540210984,HEART OF WICKER SMALL,1
0.053808596220496344,60 TEATIME FAIRY CAKE CASES,1
0.05332793645171899,LUNCH BAG SPACEBOY DESIGN,1
0.0522907232664626,LUNCH BAG CARS BLUE,1
0.05226542538389537,HOME BUILDING BLOCK WORD,1
0.05208834020592477,WOODEN FRAME ANTIQUE WHITE,1
0.05175946773255079,NATURAL SLATE HEART CHALKBOARD,1
0.05105112702066837,PAPER CHAIN KIT 50'S CHRISTMAS,1
0.05074755242986162,WOODEN PICTURE FRAME WHITE FINISH,1
0.05041867995648764,PACK OF 60 PINK PAISLEY CAKE CASES,1
0.04938146677123125,HEART OF WICKER LARGE,1
0.04872372182448329,LUNCH BAG WOODLAND,1
0.04842014723367654,BAKING SET 9 PIECE RETROSPOT,1
0.04811657264286979,REX CASH+CARRY JUMBO SHOPPER,1
0.04776240228692859,VINTAGE SNAP CARDS,1
0.04750942346125629,JUMBO BAG BAROQUE BLACK WHITE,1
0.046927572162210024,JUMBO BAG STRAWBERRY,1
0.046472210275999896,LUNCH BAG RED RETROSPOT,1
0.045940954742088085,VICTORIAN GLASS HANGING T-LIGHT,1
0.045789167446684716,PLEASE ONE PERSON METAL SIGN,1
0.04452427331832326,RED HANGING HEART T-LIGHT HOLDER,1
0.04429659237521819,6 RIBBONS RUSTIC CHARM,1
0.04353765589820132,CHOCOLATE HOT WATER BOTTLE,1
0.04320878342482734,PACK OF 72 RETROSPOT CAKE CASES,1
0.042905208834020596,LOVE BUILDING BLOCK WORD,1
0.04272812365604999,SCOTTIE DOG HOT WATER BOTTLE,1
0.041918591413898657,RECIPE BOX PANTRY YELLOW DESIGN,1
0.04095727187634395,JUMBO BAG PINK VINTAGE PAISLEY,1
0.04070429305067166,GIN + TONIC DIET METAL SIGN,1
0.040046548103923704,HOT WATER BOTTLE TEA AND SYMPATHY,1
0.03979356927825141,WOODLAND CHARLOTTE BAG,1
0.039717675630549724,RECYCLING BAG RETROSPOT,1
0.03888284550583116,RED TOADSTOOL LED NIGHT LIGHT,1
0.03852867514988995,HANGING HEART ZINC T-LIGHT HOLDER,1
0.03797212173341091,BATHROOM METAL SIGN,1
0.03749146196463356,SWEETHEART CERAMIC TRINKET BOX,1
0.03746616408206633,PACK OF 72 SKULL CAKE CASES,1
0.03693490854815452,72 SWEETHEART FAIRY CAKE CASES,1
0.03693490854815452,HAND OVER THE CHOCOLATE SIGN,1
0.036504844544511625,JUMBO BAG PINK POLKADOT,1
0.03610007842343596,PAPER CHAIN KIT VINTAGE CHRISTMAS,1
0.0360494826583015,COOK WITH WINE METAL SIGN,1
0.0360494826583015,HANGING HEART JAR T-LIGHT HOLDER,1
0.03579650383262921,JUMBO BAG WOODLAND ANIMALS,1
0.03567001441979306,PACK OF 72 RETRO SPOT CAKE CASES,1
0.03567001441979306,ROSES REGENCY TEACUP AND SAUCER,1
0.035619418654658605,ZINC METAL HEART DECORATION,1
0.03559412077209138,SMALL POPCORN HOLDER,1
0.03549292924182246,CHARLOTTE BAG SUKI DESIGN,1
0.03534114194641908,PINK CREAM FELT CRAFT TRINKET BOX,1
0.03511346100331402,ROUND SNACK BOXES SET OF4 WOODLAND,1
0.03503756735561234,SET OF 3 CAKE TINS PANTRY DESIGN,1
0.034961673707910645,FELTCRAFT 6 FLOWER FRIENDS,1
0.03488578006020896,STRAWBERRY CHARLOTTE BAG,1
0.03460750335196944,SPACEBOY LUNCH BOX,1
0.0344810139391333,ALARM CLOCK BAKELIKE RED,1
0.03389916264008702,GREEN REGENCY TEACUP AND SAUCER,1
0.03372207746211642,DOLLY GIRL LUNCH BOX,1
0.03341850287130967,JUMBO STORAGE BAG SKULLS,1
0.03341850287130967,RETROSPOT TEA SET CERAMIC 11 PC,1
0.03324141769333907,JUMBO BAG OWLS,1
0.03321611981077184,VINTAGE HEADS AND TAILS CARD GAME,1
0.032963140985099545,PACK OF 60 DINOSAUR CAKE CASES,1
0.03286194945483063,CREAM HEART CARD HOLDER,1
0.03286194945483063,PLASTERS IN TIN SPACEBOY,1
0.03268486427686003,VINTAGE UNION JACK BUNTING,1
0.032406587568620505,LUNCH BAG PINK POLKADOT,1
0.03225480027321713,PLASTERS IN TIN WOODLAND ANIMALS,1
0.03220420450808267,ALARM CLOCK BAKELIKE GREEN,1
0.031850034152141465,COLOUR GLASS T-LIGHT HOLDER HANGING,1
0.031748842621872546,RED RETROSPOT CHARLOTTE BAG,1
0.03157175744390195,JUMBO BAG SPACEBOY DESIGN,1
0.03157175744390195,SET OF 3 HEART COOKIE CUTTERS,1
0.03136937438336411,RED HANGING HEART T-LIGHT HOLDER + WHITE HANGING HEART T-LIGHT HOLDER,2
0.0308381188494523,IVORY KITCHEN SCALES,1
0.0308381188494523,LUNCH BAG RED SPOTTY,1
0.030661033671481697,HAND WARMER OWL DESIGN,1
0.030408054845809405,CLOTHES PEGS RETROSPOT PACK 24,1
0.03035745908067495,JAM MAKING SET PRINTED,1
0.03025626755040603,PLASTERS IN TIN CIRCUS PARADE,1
0.03002858660730097,RED RETROSPOT CAKE STAND,1
0.029876799311897594,SET/20 RED RETROSPOT PAPER NAPKINS,1
0.02975030989906145,HOT BATHS METAL SIGN,1
0.02975030989906145,WOOD BLACK BOARD ANT WHITE FINISH,1
0.029320245895418554,JAM MAKING SET WITH JARS,1
0.02919375648258241,ROUND SNACK BOXES SET OF 4 FRUITS,1
0.02914316071744795,NO SINGING METAL SIGN,1
0.02906726706974626,EDWARDIAN PARASOL NATURAL,1
0.02906726706974626,LOVEBIRD HANGING DECORATION WHITE,1
0.029041969187179034,PINK BLUE FELT CRAFT TRINKET BOX,1
0.029016671304611805,SET/5 RED RETROSPOT LID GLASS BOWLS,1
0.028966075539477346,RED WOOLLY HOTTIE WHITE HEART.,1
0.028966075539477346,SINGLE HEART ZINC T-LIGHT HOLDER,1
0.0288395861266412,SPOTTY BUNTING,1
0.028713096713805054,CHILLI LIGHTS,1
0.028713096713805054,POTTERING IN THE SHED METAL SIGN,1
0.028637203066103366,FELTCRAFT BUTTERFLY HEARTS,1
0.028485415770699993,PLASTERS IN TIN VINTAGE PAISLEY,1
0.028409522122998306,WOOD 2 DRAWER CABINET WHITE FINISH,1
0.028409522122998306,WOODEN BOX OF DOMINOES,1
0.028384224240431077,BOX OF 24 COCKTAIL PARASOLS,1
0.028181841179893242,WOODEN FRAME ANTIQUE WHITE + WOODEN PICTURE FRAME WHITE FINISH,2
0.028181841179893242,SET OF 3 BUTTERFLY COOKIE CUTTERS,1
0.028080649649624326,LADIES & GENTLEMEN METAL SIGN,1
0.027903564471653722,PACK OF 60 SPACEBOY CAKE CASES,1
0.027726479293683118,JUMBO BAG RED RETROSPOT + JUMBO STORAGE BAG SUKI,2
0.02770118141111589,GUMBALL COAT RACK,1
0.027574691998279745,PLASTERS IN TIN SKULLS,1
0.027473500468010826,SET OF 20 VINTAGE CHRISTMAS NAPKINS,1
0.02742290470287637,PACK OF 6 BIRDY GIFT TAGS,1
0.02739760682030914,HAND WARMER SCOTTY DOG DESIGN,1
0.027321713172607454,ANTIQUE SILVER TEA GLASS ETCHED,1
0.027169925877204078,LUNCH BOX I LOVE LONDON,1
0.02714462799463685,SET OF 4 PANTRY JELLY MOULDS,1
0.02711933011206962,WOOD S/3 CABINET ANT WHITE FINISH,1
0.026967542816666246,SMALL GLASS HEART TRINKET POT,1
0.026663968225859494,HAND WARMER BIRD DESIGN,1
0.026613372460725038,STRAWBERRY CERAMIC TRINKET BOX + SWEETHEART CERAMIC TRINKET BOX,2
0.026613372460725038,JUMBO BAG TOYS,1
0.026562776695590578,FAWN BLUE HOT WATER BOTTLE,1
0.026284499987351058,60 CAKE CASES VINTAGE CHRISTMAS,1
0.02625920210478383,STRAWBERRY LUNCH BOX WITH CUTLERY,1
0.02620860633964937,LUNCH BAG APPLE DESIGN,1
0.026158010574514914,SPACEBOY BIRTHDAY CARD,1
0.026132712691947686,DOORMAT HEARTS,1
0.02593032963140985,RED HARMONICA IN BOX,1
0.025905031748842622,PINK REGENCY TEACUP AND SAUCER,1
0.025879733866275394,GREEN REGENCY TEACUP AND SAUCER + ROSES REGENCY TEACUP AND SAUCER,2
0.025778542336006478,SET OF 72 PINK HEART PAPER DOILIES,1
0.025778542336006478,WORLD WAR 2 GLIDERS ASSTD DESIGNS,1
0.025576159275468642,HOT WATER BOTTLE I AM SO POORLY,1
0.025525563510334186,KNITTED UNION FLAG HOT WATER BOTTLE,1
0.025500265627766958,JUMBO BAG RED RETROSPOT + JUMBO SHOPPER VINTAGE RED PAISLEY,2
0.025399074097498038,LUNCH BAG SPACEBOY DESIGN + LUNCH BAG SUKI DESIGN,2
0.02537377621493081,LUNCH BAG BLACK SKULL. + LUNCH BAG SUKI DESIGN,2
0.025323180449796354,HEART OF WICKER LARGE + HEART OF WICKER SMALL,2
0.025221988919527434,METAL 4 HOOK HANGER FRENCH CHATEAU,1
0.025221988919527434,RED GINGHAM ROSE JEWELLERY BOX,1
0.025196691036960206,GREY HEART HOT WATER BOTTLE,1
0.02514609527182575,LUNCH BAG DOLLY GIRL DESIGN,1
0.02514609527182575,RABBIT NIGHT LIGHT,1
0.025070201624124062,ASSORTED COLOURS SILK FAN,1
0.025070201624124062,DOORMAT UNION FLAG,1
0.024893116446153458,SET/6 RED SPOTTY PAPER PLATES,1
0.02479192491588454,SMALL HEART MEASURING SPOONS,1
0.024741329150750082,JUMBO BAG APPLES,1
0.024640137620481166,CHOCOLATE THIS WAY METAL SIGN,1
0.024564243972779478,PARTY METAL SIGN,1
0.02451364820764502,ALARM CLOCK BAKELIKE PINK,1
0.02451364820764502,HEART IVORY TRELLIS SMALL,1
0.024437754559943334,JUMBO BAG PINK POLKADOT + JUMBO BAG RED RETROSPOT,2
0.024437754559943334,BEWARE OF THE CAT METAL SIGN,1
0.024361860912241646,BLUE HARMONICA IN BOX,1
0.02421007361683827,RIBBON REEL STRIPES DESIGN,1
0.024184775734271042,PLASTERS IN TIN STRONGMAN,1
0.024032988438867666,PACK OF 60 MUSHROOM CAKE CASES,1
0.024032988438867666,RED KITCHEN SCALES,1
0.023881201143464294,EDWARDIAN PARASOL BLACK,1
0.023830605378329834,BAKING SET SPACEBOY DESIGN,1
0.023830605378329834,SET/20 RED SPOTTY PAPER NAPKINS,1
0.023729413848060918,3 STRIPEY MICE FELTCRAFT,1
0.02365352020035923,RED RETROSPOT PICNIC BAG,1
0.023552328670090314,LUNCH BAG CARS BLUE + LUNCH BAG SUKI DESIGN,2
0.023527030787523086,RETROSPOT HEART HOT WATER BOTTLE,1
0.023527030787523086,WHITE SKULL HOT WATER BOTTLE,1
0.023501732904955854,CREAM SWEETHEART MINI CHEST,1
0.023425839257254166,60 TEATIME FAIRY CAKE CASES + PACK OF 60 PINK PAISLEY CAKE CASES,2
0.023400541374686938,JUMBO BAG RED RETROSPOT + JUMBO BAG STRAWBERRY,2
0.023400541374686938,HANGING JAM JAR T-LIGHT HOLDER,1
0.02332464772698525,PICNIC BASKET WICKER SMALL,1
0.023299349844418022,SUKI SHOULDER BAG,1
0.023274051961850794,GRAND CHOCOLATECANDLE,1
0.023274051961850794,PAPER BUNTING RETROSPOT,1
0.023248754079283562,PACK OF 12 HEARTS DESIGN TISSUES,1
0.023172860431581878,JUMBO BAG BAROQUE BLACK WHITE + JUMBO BAG RED RETROSPOT,2
0.02309696678388019,GARDENERS KNEELING PAD KEEP CALM,1
0.02309696678388019,TOILET METAL SIGN,1
0.022919881605909586,CHARLOTTE BAG PINK POLKADOT,1
0.022919881605909586,JUMBO BAG ALPHABET,1
0.022869285840775126,WOODEN SCHOOL COLOURING SET,1
0.02276809431050621,DOORMAT RED RETROSPOT,1
0.02276809431050621,MEMO BOARD RETROSPOT DESIGN,1
0.022717498545371754,WHITE WOOD GARDEN PLANT LADDER,1
0.022692200662804522,JUMBO SHOPPER VINTAGE RED PAISLEY + JUMBO STORAGE BAG SUKI,2
0.022692200662804522,RED SPOTTY BISCUIT TIN,1
0.02254041336740115,SCANDINAVIAN REDS RIBBONS,1
0.022464519719699462,LUNCH BAG BLACK SKULL. + LUNCH BAG SPACEBOY DESIGN,2
0.022413923954565002,LUNCH BOX WITH CUTLERY RETROSPOT,1
0.022363328189430546,LUNCH BAG BLACK SKULL. + LUNCH BAG CARS BLUE,2
0.022338030306863314,SET/5 RED SPOTTY LID GLASS BOWLS,1
0.022312732424296086,PINK HAPPY BIRTHDAY BUNTING,1
0.022287434541728858,METAL SIGN TAKE IT OR LEAVE IT,1
0.022287434541728858,POTTING SHED TEA MUG,1
0.02226213665916163,CERAMIC STRAWBERRY CAKE MONEY BANK,1
0.02226213665916163,JUMBO BAG SCANDINAVIAN PAISLEY,1
0.022236838776594398,JUMBO BAG VINTAGE LEAF,1
0.022135647246325482,FELTCRAFT CUSHION OWL,1
0.022135647246325482,TRADITIONAL KNITTING NANCY,1
0.022110349363758254,TEA TIME PARTY BUNTING,1
0.022085051481191026,SET OF 3 REGENCY CAKE TINS,1
0.021907966303220422,HOME BUILDING BLOCK WORD + LOVE BUILDING BLOCK WORD,2
0.021857370538085962,CHICK GREY HOT WATER BOTTLE,1
0.021781476890384274,HEART FILIGREE DOVE SMALL,1
0.021705583242682586,HAND WARMER UNION JACK,1
0.021705583242682586,WICKER STAR,1
0.02160439171241367,GREEN REGENCY TEACUP AND SAUCER + PINK REGENCY TEACUP AND SAUCER,2
0.021427306534443066,PAPER BUNTING WHITE LACE,1
0.021402008651875838,CHILDRENS APRON SPACEBOY DESIGN,1
0.02137671076930861,TEA PARTY BIRTHDAY CARD,1
0.02132611500417415,CREAM CUPID HEARTS COAT HANGER,1
0.02132611500417415,SET/6 RED SPOTTY PAPER CUPS,1
0.021275519239039694,4 TRADITIONAL SPINNING TOPS,1
0.021224923473905234,PAPER CHAIN KIT 50'S CHRISTMAS + PAPER CHAIN KIT VINTAGE CHRISTMAS,2
0.021224923473905234,WHITE HANGING HEART T-LIGHT HOLDER + WOODEN FRAME ANTIQUE WHITE,2
0.021149029826203546,ALARM CLOCK BAKELIKE GREEN + ALARM CLOCK BAKELIKE RED,2
0.021123731943636318,"KEY FOB , SHED",1
0.021123731943636318,NATURAL SLATE CHALKBOARD LARGE,1
0.021123731943636318,SET OF 6 SPICE TINS PANTRY DESIGN,1
0.021123731943636318,TRADITIONAL WOODEN SKIPPING ROPE,1
0.02107313617850186,WHITE HANGING HEART T-LIGHT HOLDER + WOODEN PICTURE FRAME WHITE FINISH,2
0.02107313617850186,HEART IVORY TRELLIS LARGE,1
0.021022540413367402,WOODEN HEART CHRISTMAS SCANDINAVIAN,1
0.02099724253080017,TRAVEL SEWING KIT,1
0.020971944648232942,DOLLY GIRL LUNCH BOX + SPACEBOY LUNCH BOX,2
0.020971944648232942,PACK OF 20 NAPKINS PANTRY DESIGN,1
0.020946646765665714,FOUR HOOK WHITE LOVEBIRDS,1
0.020946646765665714,VINTAGE SNAKES & LADDERS,1
0.020870753117964026,LUNCH BAG BLACK SKULL. + LUNCH BAG WOODLAND,2
0.020870753117964026,BINGO SET,1
0.020870753117964026,PACK OF 12 LONDON TISSUES,1
0.020870753117964026,RED STRIPE CERAMIC DRAWER KNOB,1
0.020845455235396798,LUNCH BAG SPACEBOY DESIGN + LUNCH BAG WOODLAND,2
0.020820157352829567,PINK FAIRY CAKE CHILDRENS APRON,1
0.02079485947026234,LUNCH BAG CARS BLUE + LUNCH BAG WOODLAND,2
0.02079485947026234,12 PENCILS SMALL TUBE SKULL,1
0.020693667939993422,DOORMAT NEW ENGLAND,1
0.020693667939993422,TRADITIONAL WOODEN CATCH CUP GAME,1
0.020617774292291734,WHITE SPOT RED CERAMIC DRAWER KNOB,1
0.020592476409724506,RED RETROSPOT SMALL MILK JUG,1
0.020592476409724506,SET/3 RED GINGHAM ROSE STORAGE BOX,1
0.020541880644590046,LUNCH BAG SUKI DESIGN + LUNCH BAG WOODLAND,2
0.020541880644590046,SET OF 36 TEATIME PAPER DOILIES,1
0.02051658276202282,PAPER CHAIN KIT EMPIRE,1
0.02049128487945559,FELTCRAFT DOLL MOLLY,1
0.02049128487945559,LUNCH BAG PINK RETROSPOT,1
0.02049128487945559,PAPER CHAIN KIT RETROSPOT,1
0.02044068911432113,LUNCH BAG CARS BLUE + LUNCH BAG SPACEBOY DESIGN,2
0.02044068911432113,NATURAL SLATE RECTANGLE CHALKBOARD,1
0.02044068911432113,SET OF 36 PAISLEY FLOWER DOILIES,1
0.020415391231753902,FELTCRAFT CUSHION RABBIT,1
0.020390093349186674,LARGE HEART MEASURING SPOONS,1
0.020364795466619443,BLUE STRIPE CERAMIC DRAWER KNOB,1
0.020339497584052214,PINK REGENCY TEACUP AND SAUCER + ROSES REGENCY TEACUP AND SAUCER,2
0.020314199701484986,POPCORN HOLDER,1
0.020288901818917758,JUMBO BAG PINK WITH WHITE SPOTS,1
0.02018771028864884,ENAMEL FLOWER JUG CREAM,1
0.020137114523514382,AREA PATROLLED METAL SIGN,1
0.020137114523514382,SET OF 20 KIDS COOKIE CUTTERS,1
0.020111816640947154,SET OF 3 NOTEBOOKS IN PARCEL,1
0.020086518758379922,WASHROOM METAL SIGN,1
0.01993473146297655,SET 12 KIDS COLOUR CHALK STICKS,1
0.01990943358040932,FELTCRAFT DOLL ROSIE,1
0.019858837815274862,PACK OF 12 TRADITIONAL CRAYONS,1
0.019833539932707634,JUMBO BAG BAROQUE BLACK WHITE + JUMBO STORAGE BAG SUKI,2
0.019833539932707634,FELTCRAFT CUSHION BUTTERFLY,1
0.019833539932707634,HANGING METAL HEART LANTERN,1
0.019808242050140402,PAPER BUNTING RETRO SPOTS,1
0.019782944167573174,HOT WATER BOTTLE KEEP CALM,1
0.019732348402438715,HEART OF WICKER SMALL + WHITE HANGING HEART T-LIGHT HOLDER,2
0.019732348402438715,RED SPOTTY CHARLOTTE BAG,1
0.019707050519871486,SAVE THE PLANET MUG,1
0.0196311568721698,CHOCOLATE HOT WATER BOTTLE + HOT WATER BOTTLE TEA AND SYMPATHY,2
0.019580561107035342,WOODEN UNION JACK BUNTING,1
0.019529965341900882,YOU'RE CONFUSING ME METAL SIGN,1
0.019504667459333654,I'M ON HOLIDAY METAL SIGN,1
0.019504667459333654,RETRO SPOT TEA SET CERAMIC 11 PC,1
0.019403475929064738,BLUE SPOT CERAMIC DRAWER KNOB,1
0.019378178046497507,VINTAGE HEADS AND TAILS CARD GAME + VINTAGE SNAP CARDS,2
0.019378178046497507,ASSORTED COLOUR MINI CASES,1
0.019378178046497507,WOODEN STAR CHRISTMAS SCANDINAVIAN,1
0.01935288016393028,REGENCY CAKESTAND 3 TIER + WHITE HANGING HEART T-LIGHT HOLDER,2
0.01932758228136305,HEART OF WICKER LARGE + WHITE HANGING HEART T-LIGHT HOLDER,2
0.019302284398795822,JUMBO BAG PINK VINTAGE PAISLEY + JUMBO BAG RED RETROSPOT,2
0.019302284398795822,WHITE SPOT BLUE CERAMIC DRAWER KNOB,1
0.01927698651622859,PICNIC BASKET WICKER LARGE,1
0.019175794985959674,GARDENERS KNEELING PAD CUP OF TEA,1
0.019150497103392446,COLOUR GLASS. STAR T-LIGHT HOLDER,1
0.019150497103392446,STRAWBERRY SHOPPER BAG,1
0.019125199220825218,ROTATING SILVER ANGELS T-LIGHT HLDR,1
0.019125199220825218,SET OF 6 RIBBONS VINTAGE CHRISTMAS,1
0.019099901338257987,HOME SWEET HOME MUG,1
0.01907460345569076,JUMBO BAG STRAWBERRY + JUMBO STORAGE BAG SUKI,2
0.01907460345569076,LUNCH BAG RED RETROSPOT + LUNCH BAG SUKI DESIGN,2
0.01904930557312353,LUNCH BAG BLACK SKULL. + LUNCH BAG RED RETROSPOT,2
0.01899870980798907,LAUNDRY 15C METAL SIGN,1
0.018897518277720154,ASSORTED COLOUR BIRD ORNAMENT + WHITE HANGING HEART T-LIGHT HOLDER,2
0.018872220395152926,ALARM CLOCK BAKELIKE IVORY,1
0.018846922512585698,TEA TIME OVEN GLOVE,1
0.018821624630018467,DOORMAT SPOTTY HOME SWEET HOME,1
0.018821624630018467,MEMO BOARD COTTAGE DESIGN,1
0.018821624630018467,WOODEN ROUNDERS GARDEN SET,1
0.01879632674745124,HOME BUILDING BLOCK WORD + WHITE HANGING HEART T-LIGHT HOLDER,2
0.01877102886488401,POPPY'S PLAYHOUSE KITCHEN,1
0.01877102886488401,TRADITIONAL MODELLING CLAY,1
0.01874573098231678,SET/20 STRAWBERRY PAPER NAPKINS,1
0.01872043309974955,LUNCH BAG ALPHABET DESIGN,1
0.018695135217182322,ENAMEL BREAD BIN CREAM,1
0.018695135217182322,PAINTED METAL PEARS ASSORTED,1
0.018619241569480634,REGENCY CAKESTAND 3 TIER + ROSES REGENCY TEACUP AND SAUCER,2
0.018619241569480634,CERAMIC HEART FAIRY CAKE MONEY BANK,1
0.018543347921778947,HAND WARMER RED RETROSPOT,1
0.018543347921778947,SMALL DOLLY MIX DESIGN ORANGE BOWL,1
0.01851805003921172,60 TEATIME FAIRY CAKE CASES + 72 SWEETHEART FAIRY CAKE CASES,2
0.01851805003921172,GINGERBREAD MAN COOKIE CUTTER,1
0.01851805003921172,PACK 20 ENGLISH ROSE PAPER NAPKINS,1
0.018416858508942802,DOORMAT KEEP CALM AND COME IN,1
0.01839156062637557,RED SPOT CERAMIC DRAWER KNOB,1
0.018366262743808343,GREEN REGENCY TEACUP AND SAUCER + PINK REGENCY TEACUP AND SAUCER + ROSES REGENCY TEACUP AND SAUCER,3
0.018340964861241114,STRAWBERRY CERAMIC TRINKET BOX + WHITE HANGING HEART T-LIGHT HOLDER,2
0.018340964861241114,SKULL SHOULDER BAG,1
0.018315666978673886,MINI CAKE STAND HANGING STRAWBERY,1
0.018290369096106655,JUMBO BAG RED RETROSPOT + WHITE HANGING HEART T-LIGHT HOLDER,2
0.018290369096106655,SET 2 TEA TOWELS I LOVE LONDON,1
0.0182397733309722,HOME SWEET HOME METAL SIGN,1
0.01818917756583774,LUNCH BAG PINK POLKADOT + LUNCH BAG RED RETROSPOT,2
0.01816387968327051,3 HEARTS HANGING DECORATION RUSTIC,1
0.01816387968327051,PACK OF 12 SUKI TISSUES,1
0.01816387968327051,TRADITIONAL CHRISTMAS RIBBONS,1
0.01811328391813605,JUMBO STORAGE BAG SUKI + LUNCH BAG SUKI DESIGN,2
0.01811328391813605,JUMBO BAG 50'S CHRISTMAS,1
0.01811328391813605,PLACE SETTING WHITE HEART,1
0.018087986035568823,JUMBO BAG BAROQUE BLACK WHITE + JUMBO SHOPPER VINTAGE RED PAISLEY,2
0.018087986035568823,EDWARDIAN PARASOL RED,1
0.018087986035568823,PINK HEART SHAPE EGG FRYING PAN,1
0.018062688153001594,MINI PAINT SET VINTAGE,1
0.018037390270434366,DOORMAT FANCY FONT HOME SWEET HOME,1
0.018037390270434366,SET 12 RETRO WHITE CHALK STICKS,1
0.018012092387867135,GREEN REGENCY TEACUP AND SAUCER + REGENCY CAKESTAND 3 TIER,2
0.017986794505299906,JUMBO BAG VINTAGE DOILY,1
0.017986794505299906,PICTURE DOMINOES,1
0.01796149662273268,JUMBO BAG RED RETROSPOT + JUMBO BAG WOODLAND ANIMALS,2
0.017936198740165447,HOMEMADE JAM SCENTED CANDLES,1
0.017860305092463762,HEART FILIGREE DOVE LARGE,1
0.01783500720989653,NATURAL SLATE HEART CHALKBOARD + WHITE HANGING HEART T-LIGHT HOLDER,2
0.01783500720989653,SET OF 6 SOLDIER SKITTLES,1
0.017809709327329303,CHRISTMAS CRAFT LITTLE FRIENDS,1
0.017809709327329303,KITCHEN METAL SIGN,1
0.017784411444762074,POPPY'S PLAYHOUSE BEDROOM,1
0.017784411444762074,RECIPE BOX BLUE SKETCHBOOK DESIGN,1
0.017784411444762074,SKULL LUNCH BOX WITH CUTLERY,1
0.017733815679627615,FAMILY ALBUM WHITE PICTURE FRAME,1
0.017733815679627615,WHITE METAL LANTERN,1
0.0176326241493587,DOORSTOP RETROSPOT HEART,1
0.01760732626679147,RED RETROSPOT SHOPPER BAG,1
0.01755673050165701,JUMBO BAG RED RETROSPOT + LUNCH BAG RED RETROSPOT,2
0.017531432619089782,STRAWBERRY CHARLOTTE BAG + WOODLAND CHARLOTTE BAG,2
0.017531432619089782,PINK DOUGHNUT TRINKET POT,1
0.017531432619089782,SILVER HANGING T-LIGHT HOLDER,1
0.017506134736522554,CHARLOTTE BAG SUKI DESIGN + WOODLAND CHARLOTTE BAG,2
0.017506134736522554,FOOD CONTAINER SET 3 LOVE HEART,1
0.017506134736522554,SET 7 BABUSHKA NESTING BOXES,1
0.017506134736522554,ZINC FOLKART SLEIGH BELLS,1
0.017455538971388095,BLUE HAPPY BIRTHDAY BUNTING,1
0.017455538971388095,IVORY HANGING DECORATION HEART,1
0.017430241088820866,ANTIQUE SILVER T-LIGHT GLASS,1
0.01740494320625364,JUMBO STORAGE BAG SKULLS + JUMBO STORAGE BAG SUKI,2
0.01740494320625364,JUMBO BAG DOLLY GIRL DESIGN,1
0.01740494320625364,"KEY FOB , BACK DOOR",1
0.01740494320625364,TOY TIDY SPACEBOY,1
0.01732904955855195,JUMBO BAG PINK VINTAGE PAISLEY + JUMBO SHOPPER VINTAGE RED PAISLEY,2
0.01732904955855195,FELTCRAFT PRINCESS CHARLOTTE DOLL,1
0.01732904955855195,SWALLOWS GREETING CARD,1
0.01730375167598472,PARTY BUNTING + WHITE HANGING HEART T-LIGHT HOLDER,2
0.01730375167598472,AIRLINE BAG VINTAGE TOKYO 78,1
0.01730375167598472,RIBBON REEL HEARTS DESIGN,1
0.017227858028283034,HANGING HEART ZINC T-LIGHT HOLDER + SINGLE HEART ZINC T-LIGHT HOLDER,2
0.017202560145715803,ANTIQUE SILVER TEA GLASS ENGRAVED,1
0.017101368615446887,JUMBO BAG WOODLAND ANIMALS + JUMBO STORAGE BAG SUKI,2
0.01705077285031243,BATHROOM METAL SIGN + TOILET METAL SIGN,2
0.0170254749677452,60 TEATIME FAIRY CAKE CASES + PACK OF 60 DINOSAUR CAKE CASES,2
0.0170254749677452,DOOR MAT UNION FLAG,1
0.01700017708517797,LOVE BUILDING BLOCK WORD + WHITE HANGING HEART T-LIGHT HOLDER,2
0.01694958132004351,RECIPE BOX RETROSPOT,1
0.016898985554909055,LUNCH BAG VINTAGE LEAF DESIGN,1
0.016823091907207367,"FANCY FONT BIRTHDAY CARD,",1
0.01674719825950568,CHARLIE+LOLA PINK HOT WATER BOTTLE,1
0.01674719825950568,CIRCUS PARADE LUNCH BOX,1
0.01674719825950568,JUMBO BAG SCANDINAVIAN BLUE PAISLEY,1
0.01672190037693845,3 HOOK PHOTO SHELF ANTIQUE WHITE,1
0.016646006729236763,12 PENCIL SMALL TUBE WOODLAND,1
0.016620708846669534,STRAWBERRY PICNIC BAG,1
0.016595410964102306,FELTCRAFT DOLL EMILY,1
0.016595410964102306,VINTAGE PAISLEY STATIONERY SET,1
0.016570113081535075,JUMBO BAG PINK VINTAGE PAISLEY + JUMBO STORAGE BAG SUKI,2
0.016570113081535075,VICTORIAN SEWING BOX SMALL,1
0.016544815198967847,PACK OF 20 SKULL PAPER NAPKINS,1
0.01651951731640062,PINK BLUE FELT CRAFT TRINKET BOX + PINK CREAM FELT CRAFT TRINKET BOX,2
0.01651951731640062,MINT KITCHEN SCALES,1
0.01651951731640062,MULTI COLOUR SILVER T-LIGHT HOLDER,1
0.01646892155126616,SET/6 RED SPOTTY PAPER CUPS + SET/6 RED SPOTTY PAPER PLATES,2
0.01646892155126616,OPEN CLOSED METAL SIGN,1
0.01646892155126616,WOODEN HAPPY BIRTHDAY GARLAND,1
0.016418325786131702,HAND WARMER OWL DESIGN + HAND WARMER SCOTTY DOG DESIGN,2
0.016418325786131702,JUMBO BAG OWLS + JUMBO STORAGE BAG SUKI,2
0.016418325786131702,SCANDINAVIAN PAISLEY PICNIC BAG,1
0.016367730020997243,FELTCRAFT PRINCESS LOLA DOLL,1
0.016342432138430014,ROUND SNACK BOXES SET OF 4 SKULLS,1
0.016317134255862783,JUMBO BAG RED RETROSPOT + LUNCH BAG SUKI DESIGN,2
0.016266538490728327,AGED GLASS SILVER T-LIGHT HOLDER,1
0.016266538490728327,BALLOONS WRITING SET,1
0.016266538490728327,COFFEE MUG CAT + BIRD DESIGN,1
0.0162412406081611,JUMBO BAG BAROQUE BLACK WHITE + JUMBO BAG STRAWBERRY,2
0.0162412406081611,LUNCH BAG CARS BLUE + LUNCH BAG RED RETROSPOT,2
0.0162412406081611,FULL ENGLISH BREAKFAST PLATE,1
0.0162412406081611,WOODEN CROQUET GARDEN SET,1
0.016215942725593867,CHARLOTTE BAG PINK POLKADOT + RED RETROSPOT CHARLOTTE BAG,2
0.01619064484302664,PHOTO FRAME CORNICE,1
0.01616534696045941,LUNCH BAG RED RETROSPOT + LUNCH BAG SPACEBOY DESIGN,2
0.01614004907789218,LUNCH BAG BLACK SKULL. + LUNCH BAG PINK POLKADOT,2
0.01611475119532495,72 SWEETHEART FAIRY CAKE CASES + PACK OF 60 PINK PAISLEY CAKE CASES,2
0.01611475119532495,FOLKART ZINC HEART CHRISTMAS DEC,1
0.016038857547623263,BLACK RECORD COVER FRAME,1
0.016038857547623263,RETROSPOT CHILDRENS APRON,1
0.016038857547623263,ROBOT BIRTHDAY CARD,1
0.016013559665056035,COOK WITH WINE METAL SIGN + GIN + TONIC DIET METAL SIGN,2
0.015962963899921575,PARTY BUNTING + REGENCY CAKESTAND 3 TIER,2
0.015962963899921575,CHARLOTTE BAG DOLLY GIRL DESIGN,1
0.015937666017354347,I CAN ONLY PLEASE ONE PERSON MUG,1
0.015937666017354347,ZINC WILLIE WINKIE CANDLE STICK,1
0.01591236813478712,JUMBO BAG RED RETROSPOT + JUMBO BAG SPACEBOY DESIGN,2
0.01591236813478712,SET OF 60 PANTRY DESIGN CAKE CASES,1
0.01591236813478712,SMALL WHITE HEART OF WICKER,1
0.01588707025221989,COWBOYS AND INDIANS BIRTHDAY CARD,1
0.01583647448708543,VINTAGE UNION JACK CUSHION COVER,1
0.015811176604518203,GIN + TONIC DIET METAL SIGN + PLEASE ONE PERSON METAL SIGN,2
0.015811176604518203,JUMBO BAG RED RETROSPOT + RECYCLING BAG RETROSPOT,2
0.015811176604518203,ENAMEL MEASURING JUG CREAM,1
0.015811176604518203,ENGLISH ROSE NOTEBOOK A7 SIZE,1
0.015811176604518203,PINK VINTAGE PAISLEY PICNIC BAG,1
0.015785878721950974,GINGHAM HEART DOORSTOP RED,1
0.015760580839383743,HAND WARMER BIRD DESIGN + HAND WARMER OWL DESIGN,2
0.015760580839383743,JUMBO BAG SPACEBOY DESIGN + JUMBO STORAGE BAG SUKI,2
0.015760580839383743,POTTERING MUG,1
0.015709985074249287,CHARLOTTE BAG SUKI DESIGN + RED RETROSPOT CHARLOTTE BAG,2
0.015709985074249287,PLASTERS IN TIN SPACEBOY + PLASTERS IN TIN WOODLAND ANIMALS,2
0.015684687191682055,CHOCOLATE HOT WATER BOTTLE + SCOTTIE DOG HOT WATER BOTTLE,2
0.015684687191682055,JUMBO BAG RED RETROSPOT + JUMBO STORAGE BAG SKULLS,2
0.015684687191682055,LUNCH BAG RED RETROSPOT + LUNCH BAG WOODLAND,2
0.015684687191682055,WATERING CAN BLUE ELEPHANT,1
0.015659389309114827,PAPER BUNTING COLOURED LACE,1
0.015608793543980369,60 TEATIME FAIRY CAKE CASES + PACK OF 72 SKULL CAKE CASES,2
0.015608793543980369,GIN AND TONIC MUG,1
0.01558349566141314,JUMBO BAG OWLS + JUMBO BAG RED RETROSPOT,2
0.01558349566141314,RED DINER WALL CLOCK,1
0.01553289989627868,CHARLOTTE BAG SUKI DESIGN + STRAWBERRY CHARLOTTE BAG,2
0.01553289989627868,SMALL MARSHMALLOWS PINK BOWL,1
0.015507602013711453,FAIRY CAKE FLANNEL ASSORTED COLOUR,1
0.015507602013711453,RED FLORAL FELTCRAFT SHOULDER BAG,1
0.015482304131144223,CHOCOLATE HOT WATER BOTTLE + HOT WATER BOTTLE I AM SO POORLY,2
0.015482304131144223,ALARM CLOCK BAKELIKE ORANGE,1
0.015431708366009765,CERAMIC CHERRY CAKE MONEY BANK,1
0.015406410483442537,60 CAKE CASES DOLLY GIRL DESIGN,1
0.015355814718308077,JUMBO STORAGE BAG SUKI + WHITE HANGING HEART T-LIGHT HOLDER,2
0.015355814718308077,GLITTER BUTTERFLY CLIPS,1
0.015355814718308077,ROUND CONTAINER SET OF 5 RETROSPOT,1
0.015355814718308077,SET OF 72 RETROSPOT PAPER DOILIES,1
0.015330516835740849,60 TEATIME FAIRY CAKE CASES + WHITE HANGING HEART T-LIGHT HOLDER,2
0.015330516835740849,DOORMAT WELCOME TO OUR HOME,1
0.015305218953173619,KINGS CHOICE TEA CADDY,1
0.015305218953173619,RED RETROSPOT PEG BAG,1
0.01525462318803916,60 TEATIME FAIRY CAKE CASES + PACK OF 72 RETRO SPOT CAKE CASES,2
0.015229325305471933,JUMBO BAG PINK VINTAGE PAISLEY + JUMBO BAG STRAWBERRY,2
0.015204027422904703,CHARLIE + LOLA RED HOT WATER BOTTLE,1
0.015204027422904703,LUNCH BAG VINTAGE DOILY,1
0.015128133775203015,PIGGY BANK RETROSPOT,1
0.015102835892635787,JUMBO BAG PINK POLKADOT + JUMBO STORAGE BAG SUKI,2
0.015102835892635787,DELUXE SEWING KIT,1
0.015102835892635787,DOORMAT FAIRY CAKE,1
0.015077538010068557,CHRISTMAS TOILET ROLL,1
0.015052240127501329,JUMBO BAG PEARS,1
0.015026942244934099,60 TEATIME FAIRY CAKE CASES + PACK OF 72 RETROSPOT CAKE CASES,2
0.015026942244934099,ALARM CLOCK BAKELIKE PINK + ALARM CLOCK BAKELIKE RED,2
0.015026942244934099,CANDLEHOLDER PINK HANGING HEART,1
0.01497634647979964,RED RETROSPOT CHARLOTTE BAG + WOODLAND CHARLOTTE BAG,2
0.01497634647979964,HAND WARMER BABUSHKA DESIGN,1
0.01495104859723241,PAPER CHAIN KIT RETRO SPOT,1
0.014925750714665183,WHITE HANGING HEART T-LIGHT HOLDER + ZINC METAL HEART DECORATION,2
0.014900452832097953,HANGING HEART ZINC T-LIGHT HOLDER + WHITE HANGING HEART T-LIGHT HOLDER,2
0.014900452832097953,TOY TIDY PINK POLKADOT,1
0.014875154949530725,FILIGRIS HEART WITH BUTTERFLY,1
0.014849857066963495,PACK OF 60 DINOSAUR CAKE CASES + PACK OF 60 PINK PAISLEY CAKE CASES,2
0.014824559184396267,FELTCRAFT CHRISTMAS FAIRY,1
0.014799261301829037,VICTORIAN GLASS HANGING T-LIGHT + WHITE HANGING HEART T-LIGHT HOLDER,2
0.014799261301829037,10 COLOUR SPACEBOY PEN,1
0.014773963419261809,COOK WITH WINE METAL SIGN + PLEASE ONE PERSON METAL SIGN,2
0.014773963419261809,COLOURING PENCILS BROWN TUBE,1
0.014748665536694579,CHARLOTTE BAG APPLES DESIGN,1
0.01469806977156012,CREAM HEART CARD HOLDER + WHITE HANGING HEART T-LIGHT HOLDER,2
0.01469806977156012,BATH BUILDING BLOCK WORD,1
0.01469806977156012,HEART DECORATION WITH PEARLS,1
0.01467277188899289,RED RETROSPOT SUGAR JAM BOWL,1
0.01467277188899289,SLEEPING CAT ERASERS,1
0.014647474006425663,PINK BABY BUNTING,1
0.014596878241291205,LUNCH BAG CARS BLUE + LUNCH BAG PINK POLKADOT,2
0.014596878241291205,PACK OF 60 PINK PAISLEY CAKE CASES + PACK OF 72 RETROSPOT CAKE CASES,2
0.014596878241291205,FLORAL FOLK STATIONERY SET,1
0.014596878241291205,MAGIC DRAWING SLATE SPACEBOY,1
0.014571580358723975,JUMBO BAG RED RETROSPOT + LUNCH BAG BLACK SKULL.,2
0.014571580358723975,JUMBO BAG STRAWBERRY + JUMBO SHOPPER VINTAGE RED PAISLEY,2
0.014571580358723975,PLEASE ONE PERSON METAL SIGN + WHITE HANGING HEART T-LIGHT HOLDER,2
0.014571580358723975,12 PENCILS TALL TUBE SKULLS,1
0.014546282476156745,PICTURE FRAME WOOD TRIPLE PORTRAIT,1
0.014520984593589517,PINK FLORAL FELTCRAFT SHOULDER BAG,1
0.014495686711022287,LUNCH BAG BLACK SKULL. + WHITE HANGING HEART T-LIGHT HOLDER,2
0.014495686711022287,JUMBO BAG CHARLIE AND LOLA TOYS,1
0.014470388828455059,CHRISTMAS CRAFT TREE TOP ANGEL,1
0.014445090945887829,BOX OF VINTAGE ALPHABET BLOCKS,1
0.014445090945887829,PACK OF 6 PANNETONE GIFT BOXES,1
0.0144197930633206,GREEN REGENCY TEACUP AND SAUCER + REGENCY CAKESTAND 3 TIER + ROSES REGENCY TEACUP AND SAUCER,3
0.0144197930633206,RED RETROSPOT CHARLOTTE BAG + STRAWBERRY CHARLOTTE BAG,2
0.0144197930633206,RED RETROSPOT TRADITIONAL TEAPOT,1
0.01439449518075337,BAKING SET 9 PIECE RETROSPOT + BAKING SET SPACEBOY DESIGN,2
0.014369197298186143,BAG 250g SWIRLY MARBLES,1
0.014318601533051683,BLACK HEART CARD HOLDER,1
0.014293303650484455,PLASTERS IN TIN CIRCUS PARADE + PLASTERS IN TIN SPACEBOY,2
0.014268005767917225,POPPY'S PLAYHOUSE LIVINGROOM,1
0.014268005767917225,RED RETROSPOT OVEN GLOVE,1
0.014242707885349997,ROUND SNACK BOXES SET OF 4 FRUITS + ROUND SNACK BOXES SET OF4 WOODLAND,2
0.014217410002782767,GIN + TONIC DIET METAL SIGN + HAND OVER THE CHOCOLATE SIGN,2
0.014217410002782767,CHOCOLATE BOX RIBBONS,1
0.014217410002782767,LARGE WHITE HEART OF WICKER,1
0.014192112120215539,BAG 125g SWIRLY MARBLES,1
0.014166814237648309,LUNCH BAG SUKI DESIGN + WHITE HANGING HEART T-LIGHT HOLDER,2
0.014090920589946621,POPPY'S PLAYHOUSE BEDROOM + POPPY'S PLAYHOUSE KITCHEN,2
0.014090920589946621,36 PENCILS TUBE SKULLS,1
0.014090920589946621,PHOTO CUBE,1
0.014040324824812163,HAND WARMER BIRD DESIGN + HAND WARMER SCOTTY DOG DESIGN,2
0.014040324824812163,DINOSAURS WRITING SET,1
0.014040324824812163,"RECORD FRAME 7"" SINGLE SIZE",1
0.014040324824812163,RIBBON REEL CHRISTMAS SOCK BAUBLE,1
0.014015026942244935,GARDENERS KNEELING PAD,1
0.014015026942244935,LARGE POPCORN HOLDER,1
0.014015026942244935,SET OF 72 RETRO SPOT PAPER DOILIES,1
0.013989729059677705,GIN & TONIC DIET GREETING CARD,1
0.013989729059677705,PACK OF 12 WOODLAND TISSUES,1
0.013964431177110477,PAPER BUNTING VINTAGE PAISLEY,1
0.013964431177110477,SET OF 12 FAIRY CAKE BAKING CASES,1
0.013913835411976017,LUNCH BAG DOLLY GIRL DESIGN + LUNCH BAG SPACEBOY DESIGN,2
0.013913835411976017,WOODEN HEART CHRISTMAS SCANDINAVIAN + WOODEN STAR CHRISTMAS SCANDINAVIAN,2
0.013913835411976017,WOODEN TREE CHRISTMAS SCANDINAVIAN,1
0.013888537529408789,COOK WITH WINE METAL SIGN + HAND OVER THE CHOCOLATE SIGN,2
0.013888537529408789,PINK REGENCY TEACUP AND SAUCER + REGENCY CAKESTAND 3 TIER,2
0.013888537529408789,ALARM CLOCK BAKELIKE CHOCOLATE,1
0.013863239646841559,JUMBO BAG RED RETROSPOT + JUMBO SHOPPER VINTAGE RED PAISLEY + JUMBO STORAGE BAG SUKI,3
0.01383794176427433,S/6 WOODEN SKITTLES IN COTTON BAG,1
0.013812643881707101,GARDENERS KNEELING PAD CUP OF TEA + GARDENERS KNEELING PAD KEEP CALM,2
0.013812643881707101,JUMBO BAG APPLES + JUMBO BAG RED RETROSPOT,2
0.013812643881707101,LUNCH BAG PINK POLKADOT + LUNCH BAG SUKI DESIGN,2
0.013812643881707101,WALL TIDY RETROSPOT,1
0.013787345999139873,BATHROOM METAL SIGN + WHITE HANGING HEART T-LIGHT HOLDER,2
0.013762048116572643,RED RETROSPOT BOWL,1
0.013736750234005413,BLUE DINER WALL CLOCK,1
0.013686154468870955,BOX OF VINTAGE JIGSAW BLOCKS,1
0.013686154468870955,VINTAGE KID DOLLY CARD,1
0.013660856586303727,JUMBO BAG PINK POLKADOT + JUMBO SHOPPER VINTAGE RED PAISLEY,2
0.013660856586303727,COFFEE MUG APPLES DESIGN,1
0.013610260821169269,JUMBO BAG WOODLAND ANIMALS + JUMBO SHOPPER VINTAGE RED PAISLEY,2
0.013584962938602039,SET OF 9 HEART SHAPED BALLOONS,1
0.01355966505603481,JUMBO BAG TOYS + JUMBO STORAGE BAG SUKI,2
0.01355966505603481,RED RETROSPOT BUTTER DISH,1
0.01353436717346758,12 PENCILS SMALL TUBE RED RETROSPOT,1
0.013509069290900351,HAND OVER THE CHOCOLATE SIGN + PLEASE ONE PERSON METAL SIGN,2
0.013509069290900351,PACK OF 60 PINK PAISLEY CAKE CASES + PACK OF 72 RETRO SPOT CAKE CASES,2
0.013509069290900351,PLASTERS IN TIN CIRCUS PARADE + PLASTERS IN TIN WOODLAND ANIMALS,2
0.013509069290900351,FIRST AID TIN,1
0.013509069290900351,JUMBO BAG RED WHITE SPOTTY,1
0.013509069290900351,OWL DOORSTOP,1
0.013509069290900351,TRAVEL CARD WALLET KEEP CALM,1
0.013483771408333123,ALARM CLOCK BAKELIKE GREEN + ALARM CLOCK BAKELIKE PINK,2
0.013483771408333123,HAPPY STENCIL CRAFT,1
0.013458473525765893,MINI WOODEN HAPPY BIRTHDAY GARLAND,1
0.013458473525765893,SET OF 4 ENGLISH ROSE COASTERS,1
0.013458473525765893,VICTORIAN SEWING BOX MEDIUM,1
0.013433175643198665,ENGLISH ROSE HOT WATER BOTTLE,1
0.013407877760631435,JUMBO STORAGE BAG SUKI + LUNCH BAG BLACK SKULL.,2
0.013407877760631435,PACK OF 60 PINK PAISLEY CAKE CASES + PACK OF 72 SKULL CAKE CASES,2
0.013407877760631435,VINTAGE UNION JACK MEMOBOARD,1
0.013382579878064207,ASSORTED COLOUR BIRD ORNAMENT + PAINTED METAL PEARS ASSORTED,2
0.013357281995496977,SET OF 3 BUTTERFLY COOKIE CUTTERS + SET OF 3 HEART COOKIE CUTTERS,2
0.013357281995496977,CERAMIC CAKE DESIGN SPOTTED MUG,1
0.013331984112929747,LUNCH BAG BLACK SKULL. + LUNCH BAG SPACEBOY DESIGN + LUNCH BAG SUKI DESIGN,3
0.013306686230362519,72 SWEETHEART FAIRY CAKE CASES + PACK OF 60 DINOSAUR CAKE CASES,2
0.013306686230362519,GIN + TONIC DIET METAL SIGN + WHITE HANGING HEART T-LIGHT HOLDER,2
0.013306686230362519,COFFEE MUG DOG + BALL DESIGN,1
0.013306686230362519,DOORMAT ENGLISH ROSE,1
0.013306686230362519,SWEETHEART CAKESTAND 3 TIER,1
0.013306686230362519,VICTORIAN SEWING BOX LARGE,1
0.013281388347795289,BIG DOUGHNUT FRIDGE MAGNETS,1
0.013230792582660831,LUNCH BAG CARS BLUE + LUNCH BAG SPACEBOY DESIGN + LUNCH BAG SUKI DESIGN,3
0.013230792582660831,SET 20 NAPKINS FAIRY CAKES DESIGN,1
0.013205494700093603,CITRONELLA CANDLE GARDEN POT,1
0.013205494700093603,TEA TIME CAKE STAND IN GIFT BOX,1
0.013154898934959145,60 TEATIME FAIRY CAKE CASES + PACK OF 60 SPACEBOY CAKE CASES,2
0.013154898934959145,CHARLOTTE BAG SUKI DESIGN + LUNCH BAG SUKI DESIGN,2
0.013154898934959145,JUMBO BAG RED RETROSPOT + REGENCY CAKESTAND 3 TIER,2
0.013154898934959145,LOVEBIRD HANGING DECORATION WHITE + WHITE HANGING HEART T-LIGHT HOLDER,2
0.013154898934959145,LARGE CAKE STAND HANGING STRAWBERY,1
0.013129601052391915,BATHROOM METAL SIGN + KITCHEN METAL SIGN,2
0.013129601052391915,ENCHANTED BIRD COATHANGER 5 HOOK,1
0.013129601052391915,GINGHAM HEART DECORATION,1
0.013129601052391915,GLASS BEURRE DISH,1
0.013104303169824685,JUMBO BAG BAROQUE BLACK WHITE + JUMBO BAG PINK VINTAGE PAISLEY,2
0.013079005287257457,15CM CHRISTMAS GLASS BALL 20 LIGHTS,1
0.013079005287257457,RED SPOTTY SHOPPER BAG,1
0.013053707404690227,JUMBO BAG RED RETROSPOT + JUMBO BAG TOYS,2
0.013053707404690227,RETRO SPOT LARGE MILK JUG,1
0.013053707404690227,WATERING CAN PINK BUNNY,1
0.013003111639555769,HANGING HEART JAR T-LIGHT HOLDER + WHITE HANGING HEART T-LIGHT HOLDER,2
0.013003111639555769,JUMBO BAG DOILEY PATTERNS,1
0.013003111639555769,RED RETROSPOT UMBRELLA,1
0.013003111639555769,STRAWBERRY BATH SPONGE,1
0.01297781375698854,12 PENCILS TALL TUBE WOODLAND,1
0.012952515874421311,LUNCH BAG BLACK SKULL. + LUNCH BAG CARS BLUE + LUNCH BAG SUKI DESIGN,3
0.012952515874421311,PACK OF 60 PINK PAISLEY CAKE CASES + WHITE HANGING HEART T-LIGHT HOLDER,2
0.012952515874421311,BIRD HOUSE HOT WATER BOTTLE,1
0.012927217991854081,CLEAR DRAWER KNOB ACRYLIC EDWARDIAN,1
0.012927217991854081,ROCKING HORSE RED CHRISTMAS,1
0.012927217991854081,TOY TIDY PINK RETROSPOT,1
0.012901920109286853,HEART DECORATION PAINTED ZINC,1
0.012876622226719623,JUMBO BAG OWLS + JUMBO BAG WOODLAND ANIMALS,2
0.012876622226719623,JUMBO BAG RED RETROSPOT + RED RETROSPOT CHARLOTTE BAG,2
0.012876622226719623,JUMBO BAG SPACEBOY DESIGN + JUMBO SHOPPER VINTAGE RED PAISLEY,2
0.012876622226719623,APPLE BATH SPONGE,1
0.012876622226719623,LIPSTICK PEN RED,1
0.012851324344152395,CHARLOTTE BAG PINK POLKADOT + CHARLOTTE BAG SUKI DESIGN,2
0.012851324344152395,CARD DOLLY GIRL,1
0.012851324344152395,RED RETROSPOT MINI CASES,1
0.012826026461585165,WHITE HANGING HEART T-LIGHT HOLDER + WOODEN FRAME ANTIQUE WHITE + WOODEN PICTURE FRAME WHITE FINISH,3
0.012826026461585165,PENNY FARTHING BIRTHDAY CARD,1
0.012800728579017937,WOOD 2 DRAWER CABINET WHITE FINISH + WOOD S/3 CABINET ANT WHITE FINISH,2
0.012800728579017937,20 DOLLY PEGS RETROSPOT,1
0.012800728579017937,FANNY'S REST STOPMETAL SIGN,1
0.012775430696450707,JUMBO BAG RED RETROSPOT + LUNCH BAG CARS BLUE,2
0.012775430696450707,NO JUNK MAIL METAL SIGN,1
0.012724834931316249,PACK OF 60 DINOSAUR CAKE CASES + PACK OF 72 SKULL CAKE CASES,2
0.012724834931316249,CHRISTMAS CRAFT WHITE FAIRY,1
0.012724834931316249,SET/2 RED RETROSPOT TEA TOWELS,1
0.012724834931316249,SKULLS WATER TRANSFER TATTOOS,1
0.012699537048749019,ALARM CLOCK BAKELIKE IVORY + ALARM CLOCK BAKELIKE RED,2
0.012674239166181791,LUNCH BAG PINK POLKADOT + LUNCH BAG SPACEBOY DESIGN,2
0.012674239166181791,ROMANTIC PINKS RIBBONS,1
0.012674239166181791,ROTATING LEAVES T-LIGHT HOLDER,1
0.012648941283614561,JUMBO SHOPPER VINTAGE RED PAISLEY + JUMBO STORAGE BAG SKULLS,2
0.012648941283614561,LUNCH BAG CARS BLUE + WHITE HANGING HEART T-LIGHT HOLDER,2
0.012648941283614561,IVORY DINER WALL CLOCK,1
0.012648941283614561,METAL SIGN EMPIRE TEA,1
0.012648941283614561,RED 3 PIECE MINI DOTS CUTLERY SET,1
0.012623643401047333,CHILDS BREAKFAST SET SPACEBOY,1
0.012623643401047333,SET/6 PINK BUTTERFLY T-LIGHTS,1
0.012623643401047333,SMALL PURPLE BABUSHKA NOTEBOOK,1
0.012598345518480103,RIBBON REEL SNOWY VILLAGE,1
0.012598345518480103,"SET 3 RETROSPOT TEA,COFFEE,SUGAR",1
0.012598345518480103,SWEETHEART RECIPE BOOK STAND,1
0.012573047635912875,BLUE STRIPE CERAMIC DRAWER KNOB + RED STRIPE CERAMIC DRAWER KNOB,2
0.012573047635912875,JUMBO STORAGE BAG SUKI + RECYCLING BAG RETROSPOT,2
0.012573047635912875,LUNCH BAG WOODLAND + WOODLAND CHARLOTTE BAG,2
0.012573047635912875,MODERN FLORAL STATIONERY SET,1
0.012547749753345645,6 RIBBONS RUSTIC CHARM + WHITE HANGING HEART T-LIGHT HOLDER,2
0.012547749753345645,CHARLOTTE BAG SUKI DESIGN + JUMBO BAG RED RETROSPOT,2
0.012547749753345645,BOYS VINTAGE TIN SEASIDE BUCKET,1
0.012547749753345645,GLASS JAR DAISY FRESH COTTON WOOL,1
0.012547749753345645,TEA BAG PLATE RED RETROSPOT,1
0.012522451870778415,JUMBO BAG BAROQUE BLACK WHITE + JUMBO BAG PINK POLKADOT,2
0.012522451870778415,ADVENT CALENDAR GINGHAM SACK,1
0.012522451870778415,SKULLS WRITING SET,1
0.012497153988211187,LAVENDER SCENTED FABRIC HEART,1
0.012497153988211187,VINTAGE CREAM 3 BASKET CAKE STAND,1
0.012471856105643957,JUMBO BAG STRAWBERRY + WHITE HANGING HEART T-LIGHT HOLDER,2
0.012471856105643957,JUMBO SHOPPER VINTAGE RED PAISLEY + LUNCH BAG SUKI DESIGN,2
0.012471856105643957,PACK OF 72 RETROSPOT CAKE CASES + PACK OF 72 SKULL CAKE CASES,2
0.012471856105643957,RIBBON REEL CHRISTMAS PRESENT,1
0.012446558223076729,60 TEATIME FAIRY CAKE CASES + STRAWBERRY CERAMIC TRINKET BOX,2
0.012446558223076729,LUNCH BAG DOLLY GIRL DESIGN + LUNCH BAG SUKI DESIGN,2
0.012446558223076729,LUNCH BAG WOODLAND + WHITE HANGING HEART T-LIGHT HOLDER,2
0.012446558223076729,LUNCH BAG DOILEY PATTERN,1
0.012446558223076729,RETRO COFFEE MUGS ASSORTED,1
0.012446558223076729,SMALL RED BABUSHKA NOTEBOOK,1
0.012421260340509499,FELTCRAFT CUSHION BUTTERFLY + FELTCRAFT CUSHION RABBIT,2
0.012370664575375041,GREEN REGENCY TEACUP AND SAUCER + PINK REGENCY TEACUP AND SAUCER + REGENCY CAKESTAND 3 TIER,3
0.012370664575375041,JAM MAKING SET PRINTED + JAM MAKING SET WITH JARS,2
0.012370664575375041,SWEETHEART CERAMIC TRINKET BOX + WHITE HANGING HEART T-LIGHT HOLDER,2
0.012370664575375041,VINTAGE SNAP CARDS + WOODEN BOX OF DOMINOES,2
0.012370664575375041,"AIRLINE LOUNGE,METAL SIGN",1
0.012370664575375041,CHILDS BREAKFAST SET CIRCUS PARADE,1
0.012370664575375041,"ELEPHANT, BIRTHDAY CARD,",1
0.012370664575375041,HEART DECORATION RUSTIC HANGING,1
0.012370664575375041,VINTAGE CREAM DOG FOOD CONTAINER,1
0.012320068810240583,LUNCH BAG APPLE DESIGN + LUNCH BAG RED RETROSPOT,2
0.012320068810240583,GIRLS VINTAGE TIN SEASIDE BUCKET,1
0.012294770927673353,HOT WATER BOTTLE TEA AND SYMPATHY + SCOTTIE DOG HOT WATER BOTTLE,2
0.012294770927673353,JUMBO SHOPPER VINTAGE RED PAISLEY + WHITE HANGING HEART T-LIGHT HOLDER,2
0.012294770927673353,GAOLERS KEYS DECORATIVE GARDEN,1
0.012294770927673353,SMALL HANGING IVORY/RED WOOD BIRD,1
0.012269473045106125,36 PENCILS TUBE WOODLAND,1
0.012269473045106125,CHILDS BREAKFAST SET DOLLY GIRL,1
0.012269473045106125,FANCY FONTS BIRTHDAY WRAP,1
0.012269473045106125,PACK OF 20 NAPKINS RED APPLES,1
0.012269473045106125,SET/10 RED POLKADOT PARTY CANDLES,1
0.012244175162538895,JUMBO BAG BAROQUE BLACK WHITE + JUMBO BAG RED RETROSPOT + JUMBO STORAGE BAG SUKI,3
0.012244175162538895,JUMBO BAG BAROQUE BLACK WHITE + JUMBO STORAGE BAG SKULLS,2
0.012218877279971667,PACK OF 60 PINK PAISLEY CAKE CASES + REGENCY CAKESTAND 3 TIER,2
0.012218877279971667,PARTY BUNTING + SPOTTY BUNTING,2
0.012218877279971667,CHRISTMAS LIGHTS 10 REINDEER,1
0.012193579397404437,REGENCY CAKESTAND 3 TIER + STRAWBERRY CERAMIC TRINKET BOX,2
0.012193579397404437,STRAWBERRY FAIRY CAKE TEAPOT,1
0.012168281514837209,"KEY FOB , BACK DOOR + KEY FOB , SHED",2
0.012168281514837209,WOOD 2 DRAWER CABINET WHITE FINISH + WOODEN FRAME ANTIQUE WHITE,2
0.012168281514837209,CARD HOLDER GINGHAM HEART,1
0.012168281514837209,GLITTER HANGING BUTTERFLY STRING,1
0.012142983632269979,IVORY KITCHEN SCALES + RED KITCHEN SCALES,2
0.012142983632269979,FRYING PAN UNION FLAG,1
0.012142983632269979,RIBBON REEL LACE DESIGN,1
0.012117685749702749,60 CAKE CASES VINTAGE CHRISTMAS + SET OF 20 VINTAGE CHRISTMAS NAPKINS,2
0.012117685749702749,JUMBO BAG BAROQUE BLACK WHITE + WHITE HANGING HEART T-LIGHT HOLDER,2
0.012117685749702749,PACK OF 12 SKULL TISSUES,1
0.012092387867135521,ASSORTED COLOUR BIRD ORNAMENT + REGENCY CAKESTAND 3 TIER,2
0.012092387867135521,CHARLOTTE BAG SUKI DESIGN + JUMBO STORAGE BAG SUKI,2
0.012092387867135521,WOOD 2 DRAWER CABINET WHITE FINISH + WOODEN PICTURE FRAME WHITE FINISH,2
0.012092387867135521,BLUE 3 PIECE MINI DOTS CUTLERY SET,1
0.012067089984568291,FELTCRAFT 6 FLOWER FRIENDS + FELTCRAFT BUTTERFLY HEARTS,2
0.012067089984568291,CERAMIC CAKE STAND + HANGING CAKES,1
0.012041792102001063,EDWARDIAN PARASOL BLACK + EDWARDIAN PARASOL NATURAL,2
0.012041792102001063,JUMBO STORAGE BAG SUKI + LUNCH BAG CARS BLUE,2
0.012041792102001063,PLASTERS IN TIN CIRCUS PARADE + PLASTERS IN TIN STRONGMAN,2
0.012041792102001063,ASSTD DESIGN BUBBLE GUM RING,1
0.012041792102001063,JUMBO BAG VINTAGE CHRISTMAS,1
0.012041792102001063,LOVE HOT WATER BOTTLE,1
0.012016494219433833,"KEY FOB , GARAGE DESIGN",1
0.012016494219433833,PANTRY MAGNETIC SHOPPING LIST,1
0.011991196336866605,JUMBO BAG PINK POLKADOT + JUMBO BAG RED RETROSPOT + JUMBO STORAGE BAG SUKI,3
0.011991196336866605,POPPY'S PLAYHOUSE KITCHEN + POPPY'S PLAYHOUSE LIVINGROOM,2
0.011991196336866605,"KEY FOB , FRONT DOOR",1
0.011965898454299375,BLUE HARMONICA IN BOX + RED HARMONICA IN BOX,2
0.011965898454299375,CHARLOTTE BAG PINK POLKADOT + WOODLAND CHARLOTTE BAG,2
0.011940600571732147,JUMBO BAG PINK POLKADOT + JUMBO BAG WOODLAND ANIMALS,2
0.011940600571732147,JUMBO BAG RED RETROSPOT + LUNCH BAG WOODLAND,2
0.011940600571732147,BREAD BIN DINER STYLE IVORY,1
0.011940600571732147,GROW YOUR OWN BASIL IN ENAMEL MUG,1
0.011940600571732147,VINTAGE BILLBOARD DRINK ME MUG,1
0.011915302689164917,FUNKY WASHING UP GLOVES ASSORTED,1
0.011890004806597687,LUNCH BAG BLACK SKULL. + LUNCH BAG CARS BLUE + LUNCH BAG WOODLAND,3
0.011890004806597687,JUMBO BAG BAROQUE BLACK WHITE + JUMBO BAG OWLS,2
0.011890004806597687,SET OF TEA COFFEE SUGAR TINS PANTRY,1
0.011864706924030459,RED RETROSPOT CUP,1
0.011864706924030459,WHITE JEWELLED HEART DECORATION,1
0.011839409041463229,EMERGENCY FIRST AID TIN,1
0.011814111158896001,LUNCH BAG SPACEBOY DESIGN + LUNCH BAG SUKI DESIGN + LUNCH BAG WOODLAND,3
0.011814111158896001,RED METAL BEACH SPADE,1
0.011814111158896001,SET 12 KIDS WHITE CHALK STICKS,1
0.011788813276328771,HAND OVER THE CHOCOLATE SIGN + WHITE HANGING HEART T-LIGHT HOLDER,2
0.011788813276328771,FELTCRAFT PRINCESS OLIVIA DOLL,1
0.011763515393761543,RED RETROSPOT ROUND CAKE TINS,1
0.011763515393761543,SET3 BOOK BOX GREEN GINGHAM FLOWER,1
0.011763515393761543,TEA BAG PLATE RED SPOTTY,1
0.011738217511194313,PINK REGENCY TEACUP AND SAUCER + REGENCY CAKESTAND 3 TIER + ROSES REGENCY TEACUP AND SAUCER,3
0.011738217511194313,PACK OF 60 MUSHROOM CAKE CASES + PACK OF 60 PINK PAISLEY CAKE CASES,2
0.011738217511194313,DOOR MAT NEW ENGLAND,1
0.011738217511194313,MAGIC DRAWING SLATE DOLLY GIRL,1
0.011738217511194313,SAVE THE PLANET COTTON TOTE BAG,1
0.011712919628627083,LUNCH BAG BLACK SKULL. + WOODLAND CHARLOTTE BAG,2
0.011712919628627083,LUNCH BAG PINK POLKADOT + LUNCH BAG WOODLAND,2
0.011712919628627083,LUNCH BAG RED RETROSPOT + RED RETROSPOT CHARLOTTE BAG,2
0.011712919628627083,CALENDAR PAPER CUT DESIGN,1
0.011712919628627083,GARLAND WOODEN HAPPY EASTER,1
0.011712919628627083,RED SPOTTY ROUND CAKE TINS,1
0.011687621746059855,LUNCH BAG BLACK SKULL. + LUNCH BAG SUKI DESIGN + LUNCH BAG WOODLAND,3
0.011687621746059855,KINGS CHOICE BISCUIT TIN,1
0.011687621746059855,SLATE TILE NATURAL HANGING,1
0.011687621746059855,SMALL HEART FLOWERS HOOK,1
0.011662323863492625,JUMBO BAG RED RETROSPOT + PARTY BUNTING,2
0.011662323863492625,JUMBO STORAGE BAG SKULLS + LUNCH BAG BLACK SKULL.,2
0.011662323863492625,POPPY'S PLAYHOUSE BEDROOM + POPPY'S PLAYHOUSE LIVINGROOM,2
0.011662323863492625,HANGING METAL STAR LANTERN,1
0.011637025980925397,VINTAGE SNAP CARDS + WHITE HANGING HEART T-LIGHT HOLDER,2
0.011611728098358167,WHITE HANGING HEART T-LIGHT HOLDER + WOOD 2 DRAWER CABINET WHITE FINISH,2
0.011611728098358167,CHOCOLATE CALCULATOR,1
0.011586430215790939,60 TEATIME FAIRY CAKE CASES + REGENCY CAKESTAND 3 TIER,2
0.011561132333223709,RECYCLING BAG RETROSPOT + WHITE HANGING HEART T-LIGHT HOLDER,2
0.011561132333223709,SMALL DOLLY MIX DESIGN ORANGE BOWL + SMALL MARSHMALLOWS PINK BOWL,2
0.011535834450656481,FELTCRAFT CUSHION OWL + FELTCRAFT CUSHION RABBIT,2
0.011535834450656481,LADIES & GENTLEMEN METAL SIGN + PLEASE ONE PERSON METAL SIGN,2
0.011535834450656481,BROCADE RING PURSE,1
0.011535834450656481,CHRISTMAS PUDDING TRINKET POT,1
0.011510536568089251,JUMBO BAG OWLS + JUMBO SHOPPER VINTAGE RED PAISLEY,2
0.011510536568089251,JUMBO STORAGE BAG SUKI + LUNCH BAG WOODLAND,2
0.011510536568089251,PACK OF 60 DINOSAUR CAKE CASES + PACK OF 60 SPACEBOY CAKE CASES,2
0.011510536568089251,RED SPOT HEART HOT WATER BOTTLE,1
0.011485238685522021,SINGLE HEART ZINC T-LIGHT HOLDER + WHITE HANGING HEART T-LIGHT HOLDER,2
0.011485238685522021,FAIRY CAKE DESIGN UMBRELLA,1
0.011459940802954793,LUNCH BAG CARS BLUE + LUNCH BAG SUKI DESIGN + LUNCH BAG WOODLAND,3
0.011459940802954793,BROWN CHECK CAT DOORSTOP,1
0.011459940802954793,GROW YOUR OWN PLANT IN A CAN,1
0.011459940802954793,TEA TIME TEA TOWELS,1
0.011459940802954793,UNION JACK FLAG LUGGAGE TAG,1
0.011434642920387563,JUMBO BAG BAROQUE BLACK WHITE + JUMBO BAG RED RETROSPOT + JUMBO SHOPPER VINTAGE RED PAISLEY,3
0.011434642920387563,LUNCH BAG SPACEBOY DESIGN + WHITE HANGING HEART T-LIGHT HOLDER,2
0.011434642920387563,SCOTTIE DOG HOT WATER BOTTLE + WHITE HANGING HEART T-LIGHT HOLDER,2
0.011409345037820335,LARGE HEART MEASURING SPOONS + SMALL HEART MEASURING SPOONS,2
0.011409345037820335,PACK OF 72 RETROSPOT CAKE CASES + REGENCY CAKESTAND 3 TIER,2
0.011409345037820335,PLASTERS IN TIN SPACEBOY + PLASTERS IN TIN VINTAGE PAISLEY,2
0.011409345037820335,RED SPOT CERAMIC DRAWER KNOB + RED STRIPE CERAMIC DRAWER KNOB,2
0.011409345037820335,CARD BILLBOARD FONT,1
0.011384047155253105,LUNCH BAG BLACK SKULL. + LUNCH BAG CARS BLUE + LUNCH BAG SPACEBOY DESIGN,3
0.011358749272685877,60 TEATIME FAIRY CAKE CASES + PACK OF 60 MUSHROOM CAKE CASES,2
0.011358749272685877,LUNCH BAG APPLE DESIGN + LUNCH BAG SUKI DESIGN,2
0.011358749272685877,LUNCH BAG BLACK SKULL. + LUNCH BAG RED SPOTTY,2
0.011358749272685877,LUNCH BAG BLACK SKULL. + STRAWBERRY CHARLOTTE BAG,2
0.011333451390118647,LUNCH BAG BLACK SKULL. + LUNCH BAG SPACEBOY DESIGN + LUNCH BAG WOODLAND,3
0.011333451390118647,6 RIBBONS RUSTIC CHARM + REGENCY CAKESTAND 3 TIER,2
0.011333451390118647,72 SWEETHEART FAIRY CAKE CASES + PACK OF 72 SKULL CAKE CASES,2
0.011333451390118647,BLUE HAPPY BIRTHDAY BUNTING + PINK HAPPY BIRTHDAY BUNTING,2
0.011333451390118647,JUMBO BAG RED RETROSPOT + JUMBO BAG SCANDINAVIAN BLUE PAISLEY,2
0.011333451390118647,JUMBO SHOPPER VINTAGE RED PAISLEY + RECYCLING BAG RETROSPOT,2
0.011333451390118647,PINK 3 PIECE MINI DOTS CUTLERY SET,1
0.011308153507551417,72 SWEETHEART FAIRY CAKE CASES + WHITE HANGING HEART T-LIGHT HOLDER,2
0.011308153507551417,CHARLOTTE BAG PINK POLKADOT + STRAWBERRY CHARLOTTE BAG,2
0.011308153507551417,CHARLOTTE BAG SUKI DESIGN + LUNCH BAG BLACK SKULL.,2
0.011308153507551417,CARD CIRCUS PARADE,1
0.011282855624984189,ALARM CLOCK BAKELIKE GREEN + ALARM CLOCK BAKELIKE IVORY,2
0.011282855624984189,PLASTERS IN TIN SKULLS + PLASTERS IN TIN WOODLAND ANIMALS,2
0.011282855624984189,RECIPE BOX PANTRY YELLOW DESIGN + REGENCY CAKESTAND 3 TIER,2
0.011282855624984189,RED RETROSPOT CAKE STAND + REGENCY CAKESTAND 3 TIER,2
0.011282855624984189,SET OF 4 ENGLISH ROSE PLACEMATS,1
0.011282855624984189,SOLDIERS EGG CUP,1
0.011282855624984189,SPACEBOY GIFT WRAP,1
0.01125755774241696,12 MESSAGE CARDS WITH ENVELOPES,1
0.01125755774241696,CHARLOTTE BAG VINTAGE ALPHABET,1
0.01125755774241696,CHILDRENS APRON APPLES DESIGN,1
0.01125755774241696,REGENCY TEA PLATE ROSES,1
0.01125755774241696,SET OF 3 WOODEN HEART DECORATIONS,1
0.011232259859849731,CAMOUFLAGE LED TORCH,1
0.011232259859849731,SET OF 12 MINI LOAF BAKING CASES,1
0.011206961977282501,JUMBO BAG PINK POLKADOT + JUMBO BAG PINK VINTAGE PAISLEY,2
0.011206961977282501,SET OF 9 BLACK SKULL BALLOONS,1
0.011181664094715273,LUNCH BAG CARS BLUE + LUNCH BAG SPACEBOY DESIGN + LUNCH BAG WOODLAND,3
0.011181664094715273,JUMBO BAG BAROQUE BLACK WHITE + JUMBO BAG WOODLAND ANIMALS,2
0.011181664094715273,JUMBO BAG OWLS + JUMBO BAG STRAWBERRY,2
0.011181664094715273,PACK OF 60 PINK PAISLEY CAKE CASES + PACK OF 60 SPACEBOY CAKE CASES,2
0.011181664094715273,CACTI T-LIGHT CANDLES,1
0.011181664094715273,MOUSE TOY WITH PINK T-SHIRT,1
0.011156366212148043,HAND WARMER OWL DESIGN + HAND WARMER UNION JACK,2
0.011156366212148043,HOT WATER BOTTLE I AM SO POORLY + HOT WATER BOTTLE TEA AND SYMPATHY,2
0.011156366212148043,JUMBO BAG TOYS + JUMBO SHOPPER VINTAGE RED PAISLEY,2
0.011156366212148043,PAPER CHAIN KIT VINTAGE CHRISTMAS + SET OF 20 VINTAGE CHRISTMAS NAPKINS,2
0.011131068329580815,RED RETROSPOT WRAP,1
0.011131068329580815,WRAP ENGLISH ROSE,1
0.011105770447013585,HEART IVORY TRELLIS SMALL + WHITE HANGING HEART T-LIGHT HOLDER,2
0.011105770447013585,RAINY LADIES BIRTHDAY CARD,1
0.011080472564446355,RED STRIPE CERAMIC DRAWER KNOB + WHITE SPOT RED CERAMIC DRAWER KNOB,2
0.011080472564446355,CHRISTMAS STAR WISH LIST CHALKBOARD,1
0.011080472564446355,NOEL WOODEN BLOCK LETTERS,1
0.011080472564446355,PACK 3 BOXES CHRISTMAS PANNETONE,1
0.011080472564446355,RED BABY BUNTING,1
0.011080472564446355,RETROSPOT LARGE MILK JUG,1
0.011055174681879127,JUMBO BAG PINK POLKADOT + JUMBO BAG RED RETROSPOT + JUMBO SHOPPER VINTAGE RED PAISLEY,3
0.011055174681879127,JUMBO BAG RED RETROSPOT + WOODLAND CHARLOTTE BAG,2
0.011055174681879127,DOORMAT HOME SWEET HOME BLUE,1
0.011055174681879127,WOODLAND PARTY BAG + STICKER SET,1
0.011029876799311897,60 CAKE CASES VINTAGE CHRISTMAS + PAPER CHAIN KIT VINTAGE CHRISTMAS,2
0.011029876799311897,COOK WITH WINE METAL SIGN + WHITE HANGING HEART T-LIGHT HOLDER,2
0.011029876799311897,JUMBO BAG RED RETROSPOT + LUNCH BAG SPACEBOY DESIGN,2
0.011029876799311897,CARD MOTORBIKE SANTA,1
0.011029876799311897,DOORMAT 3 SMILEY CATS,1
0.011029876799311897,HOT WATER BOTTLE BABUSHKA,1
0.011029876799311897,MOROCCAN TEA GLASS,1
0.011004578916744669,WOODEN STAR CHRISTMAS SCANDINAVIAN + WOODEN TREE CHRISTMAS SCANDINAVIAN,2
0.011004578916744669,BOTTLE BAG RETROSPOT,1
0.010979281034177439,60 TEATIME FAIRY CAKE CASES + 72 SWEETHEART FAIRY CAKE CASES + PACK OF 60 PINK PAISLEY CAKE CASES,3
0.010979281034177439,CHOCOLATE HOT WATER BOTTLE + WHITE HANGING HEART T-LIGHT HOLDER,2
0.010979281034177439,JUMBO BAG RED RETROSPOT + PACK OF 72 RETROSPOT CAKE CASES,2
0.010979281034177439,PLASTERS IN TIN VINTAGE PAISLEY + PLASTERS IN TIN WOODLAND ANIMALS,2
0.010979281034177439,36 PENCILS TUBE RED RETROSPOT,1
0.010979281034177439,RED SPOTTY CUP,1
0.010979281034177439,S/4 PINK FLOWER CANDLES IN BOWL,1
0.010979281034177439,T-LIGHT GLASS FLUTED ANTIQUE,1
0.010953983151610211,LUNCH BAG SUKI DESIGN + STRAWBERRY CHARLOTTE BAG,2
0.010953983151610211,JAZZ HEARTS PURSE NOTEBOOK,1
0.010953983151610211,TOILET SIGN OCCUPIED OR VACANT,1
0.010953983151610211,WOOD STAMP SET THANK YOU,1
0.010928685269042981,LUNCH BAG SUKI DESIGN + WOODLAND CHARLOTTE BAG,2
0.010928685269042981,PAPER CHAIN KIT 50'S CHRISTMAS + WHITE HANGING HEART T-LIGHT HOLDER,2
0.010928685269042981,RECIPE BOX PANTRY YELLOW DESIGN + WHITE HANGING HEART T-LIGHT HOLDER,2
0.010928685269042981,PACK OF 12 PINK PAISLEY TISSUES,1
0.010928685269042981,RETROSPOT RED WASHING UP GLOVES,1
0.010903387386475751,LUNCH BAG PINK RETROSPOT + LUNCH BAG RED SPOTTY,2
0.010903387386475751,REX CASH+CARRY JUMBO SHOPPER + WHITE HANGING HEART T-LIGHT HOLDER,2
0.010903387386475751,WOOD S/3 CABINET ANT WHITE FINISH + WOODEN FRAME ANTIQUE WHITE,2
0.010903387386475751,ROSE CARAVAN DOORSTOP,1
0.010878089503908523,PLASTERS IN TIN SKULLS + PLASTERS IN TIN SPACEBOY,2
0.010878089503908523,AIRLINE BAG VINTAGE JET SET RED,1
0.010878089503908523,CHERRY BLOSSOM DECORATIVE FLASK,1
0.010878089503908523,EMPIRE BIRTHDAY CARD,1
0.010878089503908523,MAGNETS PACK OF 4 SWALLOWS,1
0.010852791621341293,JUMBO BAG RED RETROSPOT + JUMBO BAG STRAWBERRY + JUMBO STORAGE BAG SUKI,3
0.010852791621341293,LUNCH BAG RED RETROSPOT + PACK OF 72 RETROSPOT CAKE CASES,2
0.010852791621341293,CHRISTMAS RETROSPOT STAR WOOD,1
0.010852791621341293,DOORMAT AIRMAIL,1
0.010827493738774065,BLUE SPOT CERAMIC DRAWER KNOB + WHITE SPOT BLUE CERAMIC DRAWER KNOB,2
0.010827493738774065,WHITE HANGING HEART T-LIGHT HOLDER + WOOD S/3 CABINET ANT WHITE FINISH,2
0.010827493738774065,DOORMAT WELCOME PUPPIES,1
0.010827493738774065,HEADS AND TAILS SPORTING FUN,1
0.010802195856206835,CHARLOTTE BAG SUKI DESIGN + STRAWBERRY CHARLOTTE BAG + WOODLAND CHARLOTTE BAG,3
0.010802195856206835,JUMBO BAG RED RETROSPOT + NATURAL SLATE HEART CHALKBOARD,2
0.010802195856206835,JUMBO STORAGE BAG SUKI + WOODLAND CHARLOTTE BAG,2
0.010802195856206835,LUNCH BAG BLACK SKULL. + LUNCH BAG DOLLY GIRL DESIGN,2
0.010802195856206835,SET/20 RED RETROSPOT PAPER NAPKINS + SET/6 RED SPOTTY PAPER PLATES,2
0.010802195856206835,FINE WICKER HEART,1
0.010802195856206835,SET/6 TURQUOISE BUTTERFLY T-LIGHTS,1
0.010776897973639607,HEART OF WICKER SMALL + NATURAL SLATE HEART CHALKBOARD,2
0.010776897973639607,JUMBO BAG RED RETROSPOT + LUNCH BAG PINK POLKADOT,2
0.010776897973639607,JUMBO BAG STRAWBERRY + JUMBO STORAGE BAG SKULLS,2
0.010776897973639607,LUNCH BAG BLACK SKULL. + PACK OF 72 SKULL CAKE CASES,2
0.010776897973639607,RED SPOT CERAMIC DRAWER KNOB + WHITE SPOT RED CERAMIC DRAWER KNOB,2
0.010776897973639607,SET/2 RED SPOTTY TEA TOWELS,1
0.010751600091072377,GREEN REGENCY TEACUP AND SAUCER + PINK REGENCY TEACUP AND SAUCER + REGENCY CAKESTAND 3 TIER + ROSES REGENCY TEACUP AND SAUCER,4
0.010751600091072377,LUNCH BAG BLACK SKULL. + LUNCH BAG PINK POLKADOT + LUNCH BAG RED RETROSPOT,3
0.010751600091072377,JUMBO BAG RED RETROSPOT + JUMBO BAG VINTAGE LEAF,2
0.010751600091072377,FRENCH WC SIGN BLUE METAL,1
0.010751600091072377,HOLIDAY FUN LUDO,1
0.010726302208505149,ALARM CLOCK BAKELIKE ORANGE + ALARM CLOCK BAKELIKE RED,2
0.010726302208505149,GLASS JAR ENGLISH CONFECTIONERY,1
0.010726302208505149,PARTY CONE CHRISTMAS DECORATION,1
0.010726302208505149,PHARMACIE FIRST AID TIN,1
0.010701004325937919,HEART OF WICKER LARGE + HEART OF WICKER SMALL + WHITE HANGING HEART T-LIGHT HOLDER,3
0.010701004325937919,FELTCRAFT CUSHION BUTTERFLY + FELTCRAFT CUSHION OWL,2
0.010701004325937919,JUMBO BAG PINK VINTAGE PAISLEY + WHITE HANGING HEART T-LIGHT HOLDER,2
0.010701004325937919,JUMBO BAG STRAWBERRY + JUMBO BAG WOODLAND ANIMALS,2
0.010701004325937919,PACK OF 60 SPACEBOY CAKE CASES + PACK OF 72 SKULL CAKE CASES,2
0.010701004325937919,CHILDRENS CUTLERY POLKADOT PINK,1
0.010701004325937919,WATERING CAN GREEN DINOSAUR,1
0.01067570644337069,RED SPOTTY BOWL,1
0.010650408560803461,JUMBO BAG PINK POLKADOT + JUMBO BAG STRAWBERRY,2
0.010650408560803461,NO SINGING METAL SIGN + PLEASE ONE PERSON METAL SIGN,2
0.010650408560803461,CAKE STAND 3 TIER MAGIC GARDEN,1
0.010650408560803461,RED/WHITE DOTS RUFFLED UMBRELLA,1
0.010625110678236231,CANDLEHOLDER PINK HANGING HEART + WHITE HANGING HEART T-LIGHT HOLDER,2
0.010625110678236231,RETRO RED SPOTTY WASHING UP GLOVES,1
0.010625110678236231,SANDWICH BATH SPONGE,1
0.010625110678236231,SET/10 PINK POLKADOT PARTY CANDLES,1
0.010599812795669003,LUNCH BAG CARS BLUE + STRAWBERRY CHARLOTTE BAG,2
0.010599812795669003,CLASSIC METAL BIRDCAGE PLANT HOLDER,1
0.010599812795669003,SET OF 2 WOODEN MARKET CRATES,1
0.010599812795669003,WOODEN BOX ADVENT CALENDAR,1
0.010599812795669003,WRAP PINK FAIRY CAKES,1
0.010574514913101773,EDWARDIAN PARASOL BLACK + EDWARDIAN PARASOL RED,2
0.010574514913101773,JUMBO BAG TOYS + JUMBO BAG WOODLAND ANIMALS,2
0.010574514913101773,PAINT YOUR OWN CANVAS SET,1
0.010549217030534545,JUMBO BAG RED RETROSPOT + JUMBO BAG WOODLAND ANIMALS + JUMBO STORAGE BAG SUKI,3
0.010549217030534545,LUNCH BAG BLACK SKULL. + LUNCH BAG RED RETROSPOT + LUNCH BAG SUKI DESIGN,3
0.010549217030534545,CHRISTMAS RETROSPOT ANGEL WOOD,1
0.010523919147967315,LUNCH BAG DOLLY GIRL DESIGN + LUNCH BAG RED RETROSPOT,2
0.010523919147967315,LUNCH BAG SUKI DESIGN + PARTY BUNTING,2
0.010523919147967315,PLASTERS IN TIN SPACEBOY + PLASTERS IN TIN STRONGMAN,2
0.010523919147967315,PACK OF 6 SKULL PAPER PLATES,1
0.010523919147967315,REGENCY TEAPOT ROSES,1
0.010498621265400085,JUMBO BAG BAROQUE BLACK WHITE + JUMBO SHOPPER VINTAGE RED PAISLEY + JUMBO STORAGE BAG SUKI,3
0.010498621265400085,BLUE SPOT CERAMIC DRAWER KNOB + BLUE STRIPE CERAMIC DRAWER KNOB,2
0.010498621265400085,LUNCH BAG APPLE DESIGN + LUNCH BAG BLACK SKULL.,2
0.010498621265400085,CHRISTMAS GINGHAM STAR,1
0.010498621265400085,GLASS HEART T-LIGHT HOLDER,1
0.010498621265400085,HEART WOODEN CHRISTMAS DECORATION,1
0.010498621265400085,VINTAGE DOILY TRAVEL SEWING KIT,1
0.010473323382832857,JUMBO BAG ALPHABET + JUMBO BAG RED RETROSPOT,2
0.010473323382832857,LUNCH BAG BLACK SKULL. + RED RETROSPOT CHARLOTTE BAG,2
0.010473323382832857,KINGS CHOICE MUG,1
0.010448025500265627,BLUE SPOT CERAMIC DRAWER KNOB + RED STRIPE CERAMIC DRAWER KNOB,2
0.010448025500265627,JUMBO BAG PINK VINTAGE PAISLEY + JUMBO BAG SCANDINAVIAN PAISLEY,2
0.010448025500265627,BABUSHKA LIGHTS STRING OF 10,1
0.010448025500265627,"HOOK, 1 HANGER ,MAGIC GARDEN",1
0.010422727617698399,GIN + TONIC DIET METAL SIGN + NO SINGING METAL SIGN,2
0.010422727617698399,CHRISTMAS GINGHAM TREE,1
0.010422727617698399,DOOR MAT RED SPOT,1
0.010422727617698399,PINK POLKADOT BOWL,1
0.010422727617698399,SMALL RED RETROSPOT WINDMILL,1
0.01039742973513117,60 CAKE CASES VINTAGE CHRISTMAS + PAPER CHAIN KIT 50'S CHRISTMAS,2
0.01039742973513117,72 SWEETHEART FAIRY CAKE CASES + PACK OF 72 RETROSPOT CAKE CASES,2
0.01039742973513117,JUMBO STORAGE BAG SUKI + LUNCH BAG RED RETROSPOT,2
0.01039742973513117,LUNCH BAG RED RETROSPOT + WHITE HANGING HEART T-LIGHT HOLDER,2
0.01039742973513117,SET OF 2 TEA TOWELS APPLE AND PEARS,1
0.01039742973513117,UNION JACK FLAG PASSPORT COVER,1
0.010372131852563941,LUNCH BAG RED SPOTTY + LUNCH BAG WOODLAND,2
0.010372131852563941,SET OF 3 CAKE TINS PANTRY DESIGN + SET OF 6 SPICE TINS PANTRY DESIGN,2
0.010372131852563941,ENGLISH ROSE DESIGN PEG BAG,1
0.010372131852563941,MINI CAKE STAND WITH HANGING CAKES,1
0.010346833969996711,CHARLOTTE BAG PINK POLKADOT + CHARLOTTE BAG SUKI DESIGN + RED RETROSPOT CHARLOTTE BAG,3
0.010346833969996711,POPPY'S PLAYHOUSE BEDROOM + POPPY'S PLAYHOUSE KITCHEN + POPPY'S PLAYHOUSE LIVINGROOM,3
0.010346833969996711,JUMBO BAG PINK VINTAGE PAISLEY + JUMBO BAG WOODLAND ANIMALS,2
0.010346833969996711,LUNCH BAG CARS BLUE + WOODLAND CHARLOTTE BAG,2
0.010346833969996711,LUNCH BAG RED SPOTTY + LUNCH BAG SUKI DESIGN,2
0.010346833969996711,DINOSAUR KEYRINGS ASSORTED,1
0.010346833969996711,DINOSAUR LUNCH BOX WITH CUTLERY,1
0.010346833969996711,RETROSPOT PARTY BAG + STICKER SET,1
0.010321536087429483,JUMBO BAG STRAWBERRY + STRAWBERRY CHARLOTTE BAG,2
0.010321536087429483,LUNCH BAG WOODLAND + ROUND SNACK BOXES SET OF4 WOODLAND,2
0.010321536087429483,NATURAL SLATE HEART CHALKBOARD + REGENCY CAKESTAND 3 TIER,2
0.010321536087429483,POTTERING IN THE SHED METAL SIGN + WHITE HANGING HEART T-LIGHT HOLDER,2
0.010321536087429483,3 PIECE SPACEBOY COOKIE CUTTER SET,1
0.010321536087429483,TOADSTOOL MONEY BOX,1
0.010321536087429483,TRAVEL CARD WALLET VINTAGE TICKET,1
0.010296238204862253,JUMBO BAG PINK VINTAGE PAISLEY + JUMBO BAG RED RETROSPOT + JUMBO SHOPPER VINTAGE RED PAISLEY,3
0.010296238204862253,BLUE SPOT CERAMIC DRAWER KNOB + RED SPOT CERAMIC DRAWER KNOB,2
0.010296238204862253,JUMBO BAG BAROQUE BLACK WHITE + JUMBO BAG TOYS,2
0.010296238204862253,JUMBO BAG PINK VINTAGE PAISLEY + JUMBO STORAGE BAG SKULLS,2
0.010296238204862253,JUMBO BAG RED RETROSPOT + STRAWBERRY CHARLOTTE BAG,2
0.010296238204862253,JUMBO BAG SPACEBOY DESIGN + JUMBO BAG WOODLAND ANIMALS,2
0.010296238204862253,JUMBO BAG WOODLAND ANIMALS + JUMBO STORAGE BAG SKULLS,2
0.010296238204862253,JUMBO BAG WOODLAND ANIMALS + WOODLAND CHARLOTTE BAG,2
0.010296238204862253,LUNCH BAG WOODLAND + STRAWBERRY CHARLOTTE BAG,2
0.010296238204862253,MAN FLU METAL SIGN,1
0.010296238204862253,SET OF 60 I LOVE LONDON CAKE CASES,1
0.010270940322295023,HAND WARMER OWL DESIGN + HAND WARMER RED RETROSPOT,2
0.010270940322295023,JUMBO BAG APPLES + JUMBO BAG PEARS,2
0.010270940322295023,LUNCH BAG DOLLY GIRL DESIGN + LUNCH BAG WOODLAND,2
0.010270940322295023,LIPSTICK PEN FUSCHIA,1
0.010245642439727795,HAND OVER THE CHOCOLATE SIGN + NO SINGING METAL SIGN,2
0.010245642439727795,JUMBO BAG STRAWBERRY + LUNCH BAG SUKI DESIGN,2
0.010245642439727795,PACK OF 60 DINOSAUR CAKE CASES + PACK OF 72 RETROSPOT CAKE CASES,2
0.010245642439727795,PINK DOUGHNUT TRINKET POT + STRAWBERRY CERAMIC TRINKET BOX,2
0.010245642439727795,SKULL SHOULDER BAG + SUKI SHOULDER BAG,2
0.010245642439727795,PACK OF 12 RED RETROSPOT TISSUES,1
0.010245642439727795,SET 6 SCHOOL MILK BOTTLES IN CRATE,1
0.010245642439727795,STAR WOODEN CHRISTMAS DECORATION,1
0.010245642439727795,VICTORIAN METAL POSTCARD SPRING,1
0.010220344557160565,60 TEATIME FAIRY CAKE CASES + SET OF 36 TEATIME PAPER DOILIES,2
0.010220344557160565,HEART OF WICKER SMALL + JUMBO BAG RED RETROSPOT,2
0.010220344557160565,LUNCH BAG CARS BLUE + LUNCH BAG DOLLY GIRL DESIGN,2
0.010220344557160565,LUNCH BAG CARS BLUE + LUNCH BAG RED SPOTTY,2
0.010220344557160565,LUNCH BOX I LOVE LONDON + SPACEBOY LUNCH BOX,2
0.010220344557160565,CARD CHRISTMAS VILLAGE,1
0.010220344557160565,CHILDREN'S APRON DOLLY GIRL,1
0.010220344557160565,SMALL YELLOW BABUSHKA NOTEBOOK,1
0.010195046674593337,CHARLOTTE BAG SUKI DESIGN + LUNCH BAG RED RETROSPOT,2
0.010195046674593337,KITCHEN METAL SIGN + TOILET METAL SIGN,2
0.010195046674593337,METAL 4 HOOK HANGER FRENCH CHATEAU + WHITE HANGING HEART T-LIGHT HOLDER,2
0.010195046674593337,BOX OF 6 MINI 50'S CRACKERS,1
0.010195046674593337,CAKE PLATE LOVEBIRD WHITE,1
0.010195046674593337,FAIRY CAKES NOTEBOOK A7 SIZE,1
0.010195046674593337,PACK OF 6 SANDCASTLE FLAGS ASSORTED,1
0.010195046674593337,RIBBON REEL MAKING SNOWMEN,1
0.010195046674593337,VINTAGE UNION JACK DOORSTOP,1
0.010169748792026107,DOLLY GIRL LUNCH BOX + LUNCH BOX I LOVE LONDON,2
0.010169748792026107,HOT WATER BOTTLE TEA AND SYMPATHY + WHITE HANGING HEART T-LIGHT HOLDER,2
0.010169748792026107,PLASTERS IN TIN STRONGMAN + PLASTERS IN TIN WOODLAND ANIMALS,2
0.010169748792026107,RETROSPOT HEART HOT WATER BOTTLE + SCOTTIE DOG HOT WATER BOTTLE,2
0.010169748792026107,BRIGHT BLUES RIBBONS,1
0.010169748792026107,MAGIC DRAWING SLATE CIRCUS PARADE,1
0.010169748792026107,METAL SIGN NEIGHBOURHOOD WITCH,1
0.010169748792026107,POPPY'S PLAYHOUSE BATHROOM,1
0.010144450909458879,CHARLOTTE BAG SUKI DESIGN + RED RETROSPOT CHARLOTTE BAG + WOODLAND CHARLOTTE BAG,3
0.010144450909458879,FELTCRAFT DOLL MOLLY + FELTCRAFT DOLL ROSIE,2
0.010144450909458879,FELTCRAFT PRINCESS CHARLOTTE DOLL + FELTCRAFT PRINCESS LOLA DOLL,2
0.010144450909458879,JUMBO STORAGE BAG SUKI + LUNCH BAG SPACEBOY DESIGN,2
0.010144450909458879,PACK OF 72 RETROSPOT CAKE CASES + RED RETROSPOT CHARLOTTE BAG,2
0.010144450909458879,REGENCY CAKESTAND 3 TIER + WOODLAND CHARLOTTE BAG,2
0.010144450909458879,WOOD S/3 CABINET ANT WHITE FINISH + WOODEN PICTURE FRAME WHITE FINISH,2
0.010144450909458879,BLACK/BLUE POLKADOT UMBRELLA,1
0.010144450909458879,DOORMAT UNION JACK GUNS AND ROSES,1
0.010144450909458879,HOME SMALL WOOD LETTERS,1
0.010144450909458879,RED/WHITE DOT MINI CASES,1
0.010144450909458879,VINTAGE CHRISTMAS BUNTING,1
0.010144450909458879,WHITE LOVEBIRD LANTERN,1
0.01011915302689165,ALARM CLOCK BAKELIKE GREEN + ALARM CLOCK BAKELIKE PINK + ALARM CLOCK BAKELIKE RED,3
0.01011915302689165,LARGE POPCORN HOLDER + SMALL POPCORN HOLDER,2
0.01011915302689165,REGENCY CAKESTAND 3 TIER + VICTORIAN GLASS HANGING T-LIGHT,2
0.01009385514432442,CHARLOTTE BAG SUKI DESIGN + LUNCH BAG WOODLAND,2
0.01009385514432442,LUNCH BOX WITH CUTLERY RETROSPOT + STRAWBERRY LUNCH BOX WITH CUTLERY,2
0.01009385514432442,BLUE POLKADOT CUP,1
0.01009385514432442,SET/6 PURPLE BUTTERFLY T-LIGHTS,1
0.010068557261757191,CHOCOLATE THIS WAY METAL SIGN + HAND OVER THE CHOCOLATE SIGN,2
0.010043259379189961,ASSORTED COLOUR BIRD ORNAMENT + HOME BUILDING BLOCK WORD,2
0.010043259379189961,PARTY BUNTING + TEA TIME PARTY BUNTING,2
0.010043259379189961,HAND WARMER RED LOVE HEART,1
0.010017961496622733,JUMBO BAG PINK POLKADOT + JUMBO BAG SPACEBOY DESIGN,2
0.010017961496622733,PLASTERS IN TIN SKULLS + PLASTERS IN TIN VINTAGE PAISLEY,2
0.010017961496622733,COFFEE MUG PEARS DESIGN,1
0.010017961496622733,CORONA MEXICAN TRAY,1
0.010017961496622733,SET 10 LIGHTS NIGHT OWL,1
